,name2,manual_reading,open_eye,rdkit,proton_num(man vs oe vs rd),comparison
0,DrugBank_5354,"{'C': 16, 'O': 7, 'P': 1, 'S': 1, 'H': 19}","{'C': 16, 'O': 7, 'P': 1, 'S': 1, 'H': 19}","{'C': 16, 'O': 7, 'P': 1, 'S': 1, 'H': 19}",19 vs 19 vs 19,True
1,DrugBank_2791,"{'C': 7, 'O': 3, 'S': 1, 'H': 8}","{'C': 7, 'O': 3, 'S': 1, 'H': 8}","{'C': 7, 'O': 3, 'S': 1, 'H': 8}",8 vs 8 vs 8,True
2,DrugBank_5373,"{'C': 10, 'O': 3, 'S': 1, 'H': 14}","{'C': 10, 'O': 3, 'S': 1, 'H': 14}","{'C': 10, 'O': 3, 'S': 1, 'H': 14}",14 vs 14 vs 14,True
3,DrugBank_2799,--,--,--,--,--
4,DrugBank_2800,"{'C': 10, 'N': 1, 'O': 3, 'S': 3, 'H': 11}","{'C': 10, 'N': 1, 'O': 3, 'S': 3, 'H': 11}","{'C': 10, 'N': 1, 'O': 3, 'S': 3, 'H': 11}",11 vs 11 vs 11,True
5,DrugBank_5387,"{'C': 20, 'N': 2, 'O': 4, 'S': 2, 'H': 28}","{'C': 20, 'N': 2, 'O': 4, 'S': 2, 'H': 28}","{'C': 20, 'N': 2, 'O': 4, 'S': 2, 'H': 28}",28 vs 28 vs 28,True
6,DrugBank_2824,"{'C': 33, 'N': 3, 'O': 7, 'S': 2, 'H': 33}","{'C': 33, 'N': 3, 'O': 7, 'S': 2, 'H': 33}","{'C': 33, 'N': 3, 'O': 7, 'S': 2, 'H': 33}",33 vs 33 vs 33,True
7,DrugBank_5407,"{'C': 13, 'N': 2, 'O': 3, 'S': 2, 'H': 12}","{'C': 13, 'N': 2, 'O': 3, 'S': 2, 'H': 12}","{'C': 13, 'N': 2, 'O': 3, 'S': 2, 'H': 12}",12 vs 12 vs 12,True
8,DrugBank_2830,"{'C': 5, 'O': 4, 'S': 2, 'H': 10}","{'C': 5, 'O': 4, 'S': 2, 'H': 10}","{'C': 5, 'O': 4, 'S': 2, 'H': 10}",10 vs 10 vs 10,True
9,DrugBank_5414,"{'C': 12, 'O': 2, 'S': 1, 'H': 10}","{'C': 12, 'O': 2, 'S': 1, 'H': 10}","{'C': 12, 'O': 2, 'S': 1, 'H': 10}",10 vs 10 vs 10,True
10,DrugBank_5415,--,--,--,--,--
11,DrugBank_5418,"{'C': 11, 'O': 3, 'P': 1, 'H': 14}","{'C': 11, 'O': 3, 'P': 1, 'H': 15}","{'C': 11, 'O': 3, 'P': 1, 'H': 14}",14 vs 15 vs 14,False
12,DrugBank_104,"{'C': 33, 'N': 4, 'O': 6, 'S': 1, 'H': 50}","{'C': 33, 'N': 4, 'O': 6, 'S': 1, 'H': 50}","{'C': 33, 'N': 4, 'O': 6, 'S': 1, 'H': 50}",50 vs 50 vs 50,True
13,DrugBank_128,"{'C': 10, 'N': 2, 'O': 2, 'Br': 2, 'H': 16}","{'C': 10, 'N': 2, 'O': 2, 'Br': 2, 'H': 16}","{'C': 10, 'N': 2, 'O': 2, 'Br': 2, 'H': 16}",16 vs 16 vs 16,True
14,DrugBank_5449,"{'C': 8, 'O': 4, 'S': 1, 'H': 18}","{'C': 8, 'O': 4, 'S': 1, 'H': 18}","{'C': 8, 'O': 4, 'S': 1, 'H': 18}",18 vs 18 vs 18,True
15,DrugBank_5451,"{'C': 19, 'N': 4, 'O': 4, 'F': 4, 'S': 1, 'H': 26}","{'C': 19, 'N': 4, 'O': 4, 'F': 4, 'S': 1, 'H': 26}","{'C': 19, 'N': 4, 'O': 4, 'F': 4, 'S': 1, 'H': 26}",26 vs 26 vs 26,True
16,DrugBank_152,"{'C': 3, 'N': 2, 'O': 2, 'H': 6}","{'C': 3, 'N': 2, 'O': 2, 'H': 6}","{'C': 3, 'N': 2, 'O': 2, 'H': 6}",6 vs 6 vs 6,True
17,DrugBank_165,"{'C': 12, 'N': 1, 'O': 8, 'S': 1, 'H': 21}","{'C': 12, 'N': 1, 'O': 8, 'S': 1, 'H': 21}","{'C': 12, 'N': 1, 'O': 8, 'S': 1, 'H': 21}",21 vs 21 vs 21,True
18,DrugBank_178,"{'C': 18, 'O': 5, 'S': 1, 'H': 21}","{'C': 18, 'O': 5, 'S': 1, 'H': 22}","{'C': 18, 'O': 5, 'S': 1, 'H': 21}",21 vs 22 vs 21,False
19,DrugBank_5514,"{'C': 20, 'N': 4, 'O': 4, 'F': 4, 'S': 1, 'H': 22}","{'C': 20, 'N': 4, 'O': 4, 'F': 4, 'S': 1, 'H': 22}","{'C': 20, 'N': 4, 'O': 4, 'F': 4, 'S': 1, 'H': 22}",22 vs 22 vs 22,True
20,DrugBank_5516,"{'C': 22, 'N': 3, 'O': 4, 'F': 3, 'S': 1, 'H': 26}","{'C': 22, 'N': 3, 'O': 4, 'F': 3, 'S': 1, 'H': 26}","{'C': 22, 'N': 3, 'O': 4, 'F': 3, 'S': 1, 'H': 26}",26 vs 26 vs 26,True
21,DrugBank_2955,"{'C': 7, 'O': 2, 'S': 1, 'H': 8}","{'C': 7, 'O': 2, 'S': 1, 'H': 8}","{'C': 7, 'O': 2, 'S': 1, 'H': 8}",8 vs 8 vs 8,True
22,DrugBank_5523,"{'C': 21, 'N': 2, 'O': 4, 'S': 1, 'H': 28}","{'C': 21, 'N': 2, 'O': 4, 'S': 1, 'H': 28}","{'C': 21, 'N': 2, 'O': 4, 'S': 1, 'H': 28}",28 vs 28 vs 28,True
23,DrugBank_2967,"{'C': 8, 'N': 1, 'O': 3, 'S': 1, 'H': 17}","{'C': 8, 'N': 1, 'O': 3, 'S': 1, 'H': 17}","{'C': 8, 'N': 1, 'O': 3, 'S': 1, 'H': 17}",17 vs 17 vs 17,True
24,DrugBank_2982,"{'C': 19, 'N': 7, 'O': 8, 'S': 1, 'H': 23}","{'C': 19, 'N': 7, 'O': 8, 'S': 1, 'H': 23}","{'C': 19, 'N': 7, 'O': 8, 'S': 1, 'H': 23}",23 vs 23 vs 23,True
25,DrugBank_2986,"{'C': 5, 'N': 1, 'S': 1, 'H': 5}","{'C': 5, 'N': 1, 'S': 1, 'H': 5}","{'C': 5, 'N': 1, 'S': 1, 'H': 5}",5 vs 5 vs 5,True
26,DrugBank_246,"{'C': 13, 'N': 5, 'O': 8, 'S': 2, 'H': 17}","{'C': 13, 'N': 5, 'O': 8, 'S': 2, 'H': 18}","{'C': 13, 'N': 5, 'O': 8, 'S': 2, 'H': 17}",17 vs 18 vs 17,False
27,DrugBank_2987,"{'C': 17, 'N': 4, 'O': 8, 'S': 1, 'I': 1, 'H': 23}","{'C': 17, 'N': 4, 'O': 8, 'S': 1, 'I': 1, 'H': 23}","{'C': 17, 'N': 4, 'O': 8, 'S': 1, 'I': 1, 'H': 23}",23 vs 23 vs 23,True
28,DrugBank_2991,"{'C': 3, 'O': 1, 'Br': 1, 'H': 7}","{'C': 3, 'O': 1, 'Br': 1, 'H': 7}","{'C': 3, 'O': 1, 'Br': 1, 'H': 7}",7 vs 7 vs 7,True
29,DrugBank_2998,"{'C': 10, 'N': 4, 'O': 3, 'H': 14}","{'C': 10, 'N': 4, 'O': 3, 'H': 14}","{'C': 10, 'N': 4, 'O': 3, 'H': 14}",14 vs 14 vs 14,True
30,DrugBank_5555,"{'C': 23, 'N': 5, 'O': 2, 'S': 1, 'Cl': 1, 'H': 26}","{'C': 23, 'N': 5, 'O': 2, 'S': 1, 'Cl': 1, 'H': 26}","{'C': 23, 'N': 5, 'O': 2, 'S': 1, 'Cl': 1, 'H': 26}",26 vs 26 vs 26,True
31,DrugBank_3011,"{'C': 14, 'N': 7, 'O': 8, 'S': 1, 'H': 21}","{'C': 14, 'N': 7, 'O': 8, 'S': 1, 'H': 21}","{'C': 14, 'N': 7, 'O': 8, 'S': 1, 'H': 21}",21 vs 21 vs 21,True
32,DrugBank_3014,"{'C': 11, 'N': 1, 'O': 2, 'F': 3, 'H': 15}","{'C': 11, 'N': 1, 'O': 2, 'F': 3, 'H': 15}","{'C': 11, 'N': 1, 'O': 2, 'F': 3, 'H': 15}",15 vs 15 vs 15,True
33,DrugBank_293,"{'C': 58, 'N': 13, 'O': 21, 'S': 2, 'H': 73}","{'C': 58, 'N': 13, 'O': 21, 'S': 2, 'H': 73}","{'C': 58, 'N': 13, 'O': 21, 'S': 2, 'H': 73}",73 vs 73 vs 73,True
34,DrugBank_3028,"{'C': 13, 'N': 7, 'O': 7, 'S': 1, 'H': 19}","{'C': 13, 'N': 7, 'O': 7, 'S': 1, 'H': 19}","{'C': 13, 'N': 7, 'O': 7, 'S': 1, 'H': 19}",19 vs 19 vs 19,True
35,DrugBank_3046,--,--,--,--,--
36,DrugBank_320,"{'C': 6, 'Cl': 6, 'H': 6}","{'C': 6, 'Cl': 6, 'H': 6}","{'C': 6, 'Cl': 6, 'H': 6}",6 vs 6 vs 6,True
37,DrugBank_5609,"{'C': 12, 'N': 1, 'O': 3, 'S': 1, 'H': 13}","{'C': 12, 'N': 1, 'O': 3, 'S': 1, 'H': 13}","{'C': 12, 'N': 1, 'O': 3, 'S': 1, 'H': 13}",13 vs 13 vs 13,True
38,DrugBank_3080,"{'C': 7, 'N': 1, 'O': 4, 'S': 1, 'H': 15}","{'C': 7, 'N': 1, 'O': 4, 'S': 1, 'H': 15}","{'C': 7, 'N': 1, 'O': 4, 'S': 1, 'H': 15}",15 vs 15 vs 15,True
39,DrugBank_3087,"{'C': 10, 'O': 2, 'I': 1, 'H': 11}","{'C': 10, 'O': 2, 'I': 1, 'H': 11}","{'C': 10, 'O': 2, 'I': 1, 'H': 11}",11 vs 11 vs 11,True
40,DrugBank_3088,"{'C': 18, 'N': 4, 'O': 9, 'S': 2, 'H': 16}","{'C': 18, 'N': 4, 'O': 9, 'S': 2, 'H': 16}","{'C': 18, 'N': 4, 'O': 9, 'S': 2, 'H': 16}",16 vs 16 vs 16,True
41,DrugBank_3101,"{'C': 19, 'N': 4, 'O': 3, 'H': 26}","{'C': 19, 'N': 4, 'O': 3, 'H': 26}","{'C': 19, 'N': 4, 'O': 3, 'H': 26}",26 vs 26 vs 26,True
42,DrugBank_3117,"{'C': 19, 'N': 8, 'O': 10, 'S': 3, 'H': 16}","{'C': 19, 'N': 8, 'O': 10, 'S': 3, 'H': 16}","{'C': 19, 'N': 8, 'O': 10, 'S': 3, 'H': 16}",16 vs 16 vs 16,True
43,DrugBank_390,"{'C': 10, 'N': 6, 'S': 1, 'H': 16}","{'C': 10, 'N': 6, 'S': 1, 'H': 16}","{'C': 10, 'N': 6, 'S': 1, 'H': 16}",16 vs 16 vs 16,True
44,DrugBank_416,"{'C': 1, 'O': 5, 'P': 1, 'H': 3}","{'C': 1, 'O': 5, 'P': 1, 'H': 3}","{'C': 1, 'O': 5, 'P': 1, 'H': 3}",3 vs 3 vs 3,True
45,DrugBank_423,"{'C': 1, 'N': 3, 'H': 5}","{'C': 1, 'N': 3, 'H': 5}","{'C': 1, 'N': 3, 'H': 5}",5 vs 5 vs 5,True
46,DrugBank_3175,"{'C': 18, 'N': 5, 'O': 4, 'H': 29}","{'C': 18, 'N': 5, 'O': 4, 'H': 29}","{'C': 18, 'N': 5, 'O': 4, 'H': 29}",29 vs 29 vs 29,True
47,DrugBank_442,"{'C': 9, 'N': 5, 'Cl': 2, 'H': 7}","{'C': 9, 'N': 5, 'Cl': 2, 'H': 7}","{'C': 9, 'N': 5, 'Cl': 2, 'H': 7}",7 vs 7 vs 7,True
48,DrugBank_443,"{'C': 3, 'F': 8}","{'C': 3, 'F': 8}","{'C': 3, 'F': 8}",None vs None vs None,True
49,DrugBank_3183,"{'C': 22, 'N': 5, 'O': 8, 'F': 3, 'H': 30}","{'C': 22, 'N': 5, 'O': 8, 'F': 3, 'H': 30}","{'C': 22, 'N': 5, 'O': 8, 'F': 3, 'H': 30}",30 vs 30 vs 30,True
50,DrugBank_449,"{'C': 15, 'N': 3, 'O': 4, 'S': 3, 'Cl': 1, 'H': 14}","{'C': 15, 'N': 3, 'O': 4, 'S': 3, 'Cl': 1, 'H': 14}","{'C': 15, 'N': 3, 'O': 4, 'S': 3, 'Cl': 1, 'H': 14}",14 vs 14 vs 14,True
51,DrugBank_5711,"{'C': 18, 'N': 7, 'H': 13}","{'C': 18, 'N': 7, 'H': 13}","{'C': 18, 'N': 7, 'H': 13}",13 vs 13 vs 13,True
52,DrugBank_472,--,--,--,--,--
53,DrugBank_5737,"{'C': 7, 'O': 2, 'P': 1, 'H': 17}","{'C': 7, 'O': 2, 'P': 1, 'H': 17}","{'C': 7, 'O': 2, 'P': 1, 'H': 17}",17 vs 17 vs 17,True
54,DrugBank_3258,"{'C': 9, 'N': 1, 'O': 4, 'P': 1, 'H': 12}","{'C': 9, 'N': 1, 'O': 4, 'P': 1, 'H': 12}","{'C': 9, 'N': 1, 'O': 4, 'P': 1, 'H': 12}",12 vs 12 vs 12,True
55,DrugBank_3265,"{'C': 2, 'O': 3, 'S': 1, 'H': 6}","{'C': 2, 'O': 3, 'S': 1, 'H': 6}","{'C': 2, 'O': 3, 'S': 1, 'H': 6}",6 vs 6 vs 6,True
56,DrugBank_3269,"{'C': 8, 'N': 4, 'H': 22}","{'C': 8, 'N': 4, 'H': 22}","{'C': 8, 'N': 4, 'H': 22}",22 vs 22 vs 22,True
57,DrugBank_546,"{'C': 5, 'N': 1, 'O': 4, 'S': 1, 'H': 11}","{'C': 5, 'N': 1, 'O': 4, 'S': 1, 'H': 11}","{'C': 5, 'N': 1, 'O': 4, 'S': 1, 'H': 11}",11 vs 11 vs 11,True
58,DrugBank_556,"{'C': 14, 'N': 3, 'O': 2, 'S': 1, 'H': 21}","{'C': 14, 'N': 3, 'O': 2, 'S': 1, 'H': 21}","{'C': 14, 'N': 3, 'O': 2, 'S': 1, 'H': 21}",21 vs 21 vs 21,True
59,DrugBank_5779,"{'C': 17, 'N': 1, 'O': 2, 'F': 1, 'H': 16}","{'C': 17, 'N': 1, 'O': 2, 'F': 1, 'H': 16}","{'C': 17, 'N': 1, 'O': 2, 'F': 1, 'H': 16}",16 vs 16 vs 16,True
60,DrugBank_3278,"{'C': 38, 'N': 8, 'O': 4, 'H': 62}","{'C': 38, 'N': 8, 'O': 4, 'H': 62}","{'C': 38, 'N': 8, 'O': 4, 'H': 62}",62 vs 62 vs 62,True
61,DrugBank_564,"{'C': 6, 'O': 3, 'F': 1, 'P': 1, 'H': 14}","{'C': 6, 'O': 3, 'F': 1, 'P': 1, 'H': 14}","{'C': 6, 'O': 3, 'F': 1, 'P': 1, 'H': 14}",14 vs 14 vs 14,True
62,DrugBank_573,"{'C': 10, 'O': 21, 'S': 4, 'H': 18}","{'C': 10, 'O': 21, 'S': 4, 'H': 18}","{'C': 10, 'O': 21, 'S': 4, 'H': 18}",18 vs 18 vs 18,True
63,DrugBank_3291,"{'C': 3, 'N': 1, 'O': 5, 'S': 1, 'H': 7}","{'C': 3, 'N': 1, 'O': 5, 'S': 1, 'H': 7}","{'C': 3, 'N': 1, 'O': 5, 'S': 1, 'H': 7}",7 vs 7 vs 7,True
64,DrugBank_3299,"{'C': 10, 'N': 2, 'O': 5, 'S': 1, 'H': 10}","{'C': 10, 'N': 2, 'O': 5, 'S': 1, 'H': 10}","{'C': 10, 'N': 2, 'O': 5, 'S': 1, 'H': 10}",10 vs 10 vs 10,True
65,DrugBank_5804,"{'C': 10, 'O': 4, 'P': 1, 'S': 1, 'H': 13}","{'C': 10, 'O': 4, 'P': 1, 'S': 1, 'H': 13}","{'C': 10, 'O': 4, 'P': 1, 'S': 1, 'H': 13}",13 vs 13 vs 13,True
66,DrugBank_5808,"{'C': 10, 'O': 4, 'F': 1, 'P': 1, 'S': 1, 'H': 12}","{'C': 10, 'O': 4, 'F': 1, 'P': 1, 'S': 1, 'H': 12}","{'C': 10, 'O': 4, 'F': 1, 'P': 1, 'S': 1, 'H': 12}",12 vs 12 vs 12,True
67,DrugBank_3317,"{'C': 19, 'N': 1, 'O': 5, 'S': 1, 'H': 39}","{'C': 19, 'N': 1, 'O': 5, 'S': 1, 'H': 39}","{'C': 19, 'N': 1, 'O': 5, 'S': 1, 'H': 39}",39 vs 39 vs 39,True
68,DrugBank_3332,"{'C': 10, 'N': 5, 'O': 10, 'P': 1, 'S': 1, 'H': 14}","{'C': 10, 'N': 5, 'O': 10, 'P': 1, 'S': 1, 'H': 14}","{'C': 10, 'N': 5, 'O': 10, 'P': 1, 'S': 1, 'H': 14}",14 vs 14 vs 14,True
69,DrugBank_3346,"{'C': 6, 'N': 2, 'O': 1, 'S': 1, 'H': 10}","{'C': 6, 'N': 2, 'O': 1, 'S': 1, 'H': 10}","{'C': 6, 'N': 2, 'O': 1, 'S': 1, 'H': 10}",10 vs 10 vs 10,True
70,DrugBank_3353,"{'C': 2, 'Cl': 2, 'H': 4}","{'C': 2, 'Cl': 2, 'H': 4}","{'C': 2, 'Cl': 2, 'H': 4}",4 vs 4 vs 4,True
71,DrugBank_5847,"{'C': 22, 'N': 5, 'O': 4, 'S': 1, 'H': 36}","{'C': 22, 'N': 5, 'O': 4, 'S': 1, 'H': 37}","{'C': 22, 'N': 5, 'O': 4, 'S': 1, 'H': 36}",36 vs 37 vs 36,False
72,DrugBank_3358,"{'C': 11, 'N': 2, 'O': 4, 'S': 1, 'H': 20}","{'C': 11, 'N': 2, 'O': 4, 'S': 1, 'H': 20}","{'C': 11, 'N': 2, 'O': 4, 'S': 1, 'H': 20}",20 vs 20 vs 20,True
73,DrugBank_661,"{'C': 22, 'N': 2, 'O': 5, 'S': 1, 'H': 36}","{'C': 22, 'N': 2, 'O': 5, 'S': 1, 'H': 36}","{'C': 22, 'N': 2, 'O': 5, 'S': 1, 'H': 36}",36 vs 36 vs 36,True
74,DrugBank_5867,"{'C': 11, 'N': 1, 'O': 3, 'Br': 1, 'H': 12}","{'C': 11, 'N': 1, 'O': 3, 'Br': 1, 'H': 12}","{'C': 11, 'N': 1, 'O': 3, 'Br': 1, 'H': 12}",12 vs 12 vs 12,True
75,DrugBank_690,"{'C': 17, 'N': 4, 'O': 1, 'H': 22}","{'C': 17, 'N': 4, 'O': 1, 'H': 22}","{'C': 17, 'N': 4, 'O': 1, 'H': 22}",22 vs 22 vs 22,True
76,DrugBank_3406,"{'C': 5, 'N': 1, 'O': 4, 'S': 1, 'H': 11}","{'C': 5, 'N': 1, 'O': 4, 'S': 1, 'H': 11}","{'C': 5, 'N': 1, 'O': 4, 'S': 1, 'H': 11}",11 vs 11 vs 11,True
77,DrugBank_700,"{'C': 12, 'O': 4, 'S': 1, 'H': 25}","{'C': 12, 'O': 4, 'S': 1, 'H': 26}","{'C': 12, 'O': 4, 'S': 1, 'H': 25}",25 vs 26 vs 25,False
78,DrugBank_5899,"{'C': 19, 'N': 4, 'O': 3, 'S': 2, 'H': 18}","{'C': 19, 'N': 4, 'O': 3, 'S': 2, 'H': 18}","{'C': 19, 'N': 4, 'O': 3, 'S': 2, 'H': 18}",18 vs 18 vs 18,True
79,DrugBank_5900,"{'C': 13, 'N': 5, 'O': 2, 'F': 5, 'S': 2, 'H': 10}","{'C': 13, 'N': 5, 'O': 2, 'F': 5, 'S': 2, 'H': 10}","{'C': 13, 'N': 5, 'O': 2, 'F': 5, 'S': 2, 'H': 10}",10 vs 10 vs 10,True
80,DrugBank_5902,"{'C': 11, 'O': 3, 'P': 1, 'Cl': 1, 'H': 16}","{'C': 11, 'O': 3, 'P': 1, 'Cl': 1, 'H': 16}","{'C': 11, 'O': 3, 'P': 1, 'Cl': 1, 'H': 16}",16 vs 16 vs 16,True
81,DrugBank_5904,"{'C': 8, 'N': 1, 'O': 4, 'S': 1, 'H': 7}","{'C': 8, 'N': 1, 'O': 4, 'S': 1, 'H': 7}","{'C': 8, 'N': 1, 'O': 4, 'S': 1, 'H': 7}",7 vs 7 vs 7,True
82,DrugBank_3430,"{'C': 5, 'N': 1, 'O': 2, 'F': 2, 'S': 1, 'H': 9}","{'C': 5, 'N': 1, 'O': 2, 'F': 2, 'S': 1, 'H': 9}","{'C': 5, 'N': 1, 'O': 2, 'F': 2, 'S': 1, 'H': 9}",9 vs 9 vs 9,True
83,DrugBank_5922,"{'C': 21, 'N': 3, 'O': 3, 'H': 27}","{'C': 21, 'N': 3, 'O': 3, 'H': 27}","{'C': 21, 'N': 3, 'O': 3, 'H': 27}",27 vs 27 vs 27,True
84,DrugBank_5923,"{'C': 22, 'N': 3, 'O': 3, 'H': 29}","{'C': 22, 'N': 3, 'O': 3, 'H': 29}","{'C': 22, 'N': 3, 'O': 3, 'H': 29}",29 vs 29 vs 29,True
85,DrugBank_5924,"{'C': 23, 'N': 3, 'O': 3, 'H': 31}","{'C': 23, 'N': 3, 'O': 3, 'H': 31}","{'C': 23, 'N': 3, 'O': 3, 'H': 31}",31 vs 31 vs 31,True
86,DrugBank_5927,"{'C': 16, 'N': 4, 'O': 1, 'H': 20}","{'C': 16, 'N': 4, 'O': 1, 'H': 20}","{'C': 16, 'N': 4, 'O': 1, 'H': 20}",20 vs 20 vs 20,True
87,DrugBank_3461,"{'C': 6, 'O': 2, 'S': 1, 'H': 6}","{'C': 6, 'O': 2, 'S': 1, 'H': 6}","{'C': 6, 'O': 2, 'S': 1, 'H': 6}",6 vs 6 vs 6,True
88,DrugBank_764,"{'C': 7, 'N': 3, 'O': 4, 'S': 2, 'Cl': 1, 'H': 6}","{'C': 7, 'N': 3, 'O': 4, 'S': 2, 'Cl': 1, 'H': 6}","{'C': 7, 'N': 3, 'O': 4, 'S': 2, 'Cl': 1, 'H': 6}",6 vs 6 vs 6,True
89,DrugBank_3479,"{'C': 20, 'O': 6, 'H': 32}","{'C': 20, 'O': 6, 'H': 32}","{'C': 20, 'O': 6, 'H': 32}",32 vs 32 vs 32,True
90,DrugBank_3482,"{'C': 13, 'N': 7, 'O': 8, 'S': 1, 'H': 19}","{'C': 13, 'N': 7, 'O': 8, 'S': 1, 'H': 19}","{'C': 13, 'N': 7, 'O': 8, 'S': 1, 'H': 19}",19 vs 19 vs 19,True
91,DrugBank_794,--,--,--,--,--
92,DrugBank_801,"{'C': 17, 'N': 3, 'O': 2, 'S': 1, 'H': 25}","{'C': 17, 'N': 3, 'O': 2, 'S': 1, 'H': 25}","{'C': 17, 'N': 3, 'O': 2, 'S': 1, 'H': 25}",25 vs 25 vs 25,True
93,DrugBank_3502,"{'C': 17, 'N': 4, 'O': 8, 'S': 1, 'Br': 1, 'H': 23}","{'C': 17, 'N': 4, 'O': 8, 'S': 1, 'Br': 1, 'H': 23}","{'C': 17, 'N': 4, 'O': 8, 'S': 1, 'Br': 1, 'H': 23}",23 vs 23 vs 23,True
94,DrugBank_3503,"{'C': 19, 'N': 3, 'O': 4, 'S': 1, 'H': 33}","{'C': 19, 'N': 3, 'O': 4, 'S': 1, 'H': 33}","{'C': 19, 'N': 3, 'O': 4, 'S': 1, 'H': 33}",33 vs 33 vs 33,True
95,DrugBank_810,"{'C': 8, 'N': 7, 'O': 2, 'S': 3, 'H': 15}","{'C': 8, 'N': 7, 'O': 2, 'S': 3, 'H': 15}","{'C': 8, 'N': 7, 'O': 2, 'S': 3, 'H': 15}",15 vs 15 vs 15,True
96,DrugBank_826,"{'C': 32, 'N': 4, 'O': 4, 'H': 52}","{'C': 32, 'N': 4, 'O': 4, 'H': 52}","{'C': 32, 'N': 4, 'O': 4, 'H': 52}",52 vs 52 vs 52,True
97,DrugBank_830,"{'C': 21, 'N': 5, 'O': 8, 'S': 2, 'H': 25}","{'C': 21, 'N': 5, 'O': 8, 'S': 2, 'H': 25}","{'C': 21, 'N': 5, 'O': 8, 'S': 2, 'H': 25}",25 vs 25 vs 25,True
98,DrugBank_834,"{'C': 17, 'N': 3, 'O': 2, 'S': 1, 'H': 25}","{'C': 17, 'N': 3, 'O': 2, 'S': 1, 'H': 25}","{'C': 17, 'N': 3, 'O': 2, 'S': 1, 'H': 25}",25 vs 25 vs 25,True
99,DrugBank_6004,"{'C': 18, 'N': 5, 'O': 4, 'F': 2, 'S': 1, 'H': 21}","{'C': 18, 'N': 5, 'O': 4, 'F': 2, 'S': 1, 'H': 21}","{'C': 18, 'N': 5, 'O': 4, 'F': 2, 'S': 1, 'H': 21}",21 vs 21 vs 21,True
100,DrugBank_3547,"{'C': 6, 'O': 8, 'S': 1, 'H': 10}","{'C': 6, 'O': 8, 'S': 1, 'H': 10}","{'C': 6, 'O': 8, 'S': 1, 'H': 10}",10 vs 10 vs 10,True
101,DrugBank_3565,"{'C': 6, 'N': 3, 'O': 2, 'S': 1, 'H': 13}","{'C': 6, 'N': 3, 'O': 2, 'S': 1, 'H': 13}","{'C': 6, 'N': 3, 'O': 2, 'S': 1, 'H': 13}",13 vs 13 vs 13,True
102,DrugBank_3570,"{'C': 6, 'N': 1, 'O': 11, 'S': 2, 'H': 13}","{'C': 6, 'N': 1, 'O': 11, 'S': 2, 'H': 13}","{'C': 6, 'N': 1, 'O': 11, 'S': 2, 'H': 13}",13 vs 13 vs 13,True
103,DrugBank_3576,"{'C': 12, 'O': 4, 'S': 1, 'H': 26}","{'C': 12, 'O': 4, 'S': 1, 'H': 26}","{'C': 12, 'O': 4, 'S': 1, 'H': 26}",26 vs 26 vs 26,True
104,DrugBank_6026,"{'C': 22, 'N': 2, 'O': 9, 'S': 1, 'H': 22}","{'C': 22, 'N': 2, 'O': 9, 'S': 1, 'H': 22}","{'C': 22, 'N': 2, 'O': 9, 'S': 1, 'H': 22}",22 vs 22 vs 22,True
105,DrugBank_3581,"{'C': 8, 'N': 1, 'O': 2, 'S': 1, 'H': 9}","{'C': 8, 'N': 1, 'O': 2, 'S': 1, 'H': 9}","{'C': 8, 'N': 1, 'O': 2, 'S': 1, 'H': 9}",9 vs 9 vs 9,True
106,DrugBank_6032,"{'C': 17, 'N': 5, 'O': 3, 'S': 2, 'H': 15}","{'C': 17, 'N': 5, 'O': 3, 'S': 2, 'H': 15}","{'C': 17, 'N': 5, 'O': 3, 'S': 2, 'H': 15}",15 vs 15 vs 15,True
107,DrugBank_889,"{'C': 6, 'O': 6, 'S': 2, 'H': 14}","{'C': 6, 'O': 6, 'S': 2, 'H': 14}","{'C': 6, 'O': 6, 'S': 2, 'H': 14}",14 vs 14 vs 14,True
108,DrugBank_891,"{'C': 10, 'N': 1, 'O': 1, 'H': 16}","{'C': 10, 'N': 1, 'O': 1, 'H': 16}","{'C': 10, 'N': 1, 'O': 1, 'H': 16}",16 vs 16 vs 16,True
109,DrugBank_3590,"{'C': 6, 'O': 8, 'S': 1, 'H': 8}","{'C': 6, 'O': 8, 'S': 1, 'H': 8}","{'C': 6, 'O': 8, 'S': 1, 'H': 8}",8 vs 8 vs 8,True
110,DrugBank_3611,"{'C': 29, 'N': 3, 'O': 10, 'P': 1, 'H': 38}","{'C': 29, 'N': 3, 'O': 10, 'P': 1, 'H': 38}","{'C': 29, 'N': 3, 'O': 10, 'P': 1, 'H': 38}",38 vs 38 vs 38,True
111,DrugBank_914,"{'C': 12, 'N': 1, 'O': 3, 'H': 17}","{'C': 12, 'N': 1, 'O': 3, 'H': 17}","{'C': 12, 'N': 1, 'O': 3, 'H': 17}",17 vs 17 vs 17,True
112,DrugBank_3622,"{'C': 4, 'N': 1, 'O': 2, 'P': 1, 'S': 1, 'H': 12}","{'C': 4, 'N': 1, 'O': 2, 'P': 1, 'S': 1, 'H': 12}","{'C': 4, 'N': 1, 'O': 2, 'P': 1, 'S': 1, 'H': 12}",12 vs 12 vs 12,True
113,DrugBank_3655,--,--,--,--,--
114,DrugBank_6100,"{'C': 16, 'N': 2, 'O': 2, 'S': 1, 'H': 18}","{'C': 16, 'N': 2, 'O': 2, 'S': 1, 'H': 18}","{'C': 16, 'N': 2, 'O': 2, 'S': 1, 'H': 18}",18 vs 18 vs 18,True
115,DrugBank_977,"{'C': 22, 'N': 3, 'O': 6, 'F': 1, 'S': 1, 'H': 28}","{'C': 22, 'N': 3, 'O': 6, 'F': 1, 'S': 1, 'H': 28}","{'C': 22, 'N': 3, 'O': 6, 'F': 1, 'S': 1, 'H': 28}",28 vs 28 vs 28,True
116,DrugBank_6103,"{'C': 18, 'N': 3, 'O': 7, 'F': 2, 'S': 1, 'H': 21}","{'C': 18, 'N': 3, 'O': 7, 'F': 2, 'S': 1, 'H': 21}","{'C': 18, 'N': 3, 'O': 7, 'F': 2, 'S': 1, 'H': 21}",21 vs 21 vs 21,True
117,DrugBank_3674,"{'C': 12, 'N': 3, 'H': 11}","{'C': 12, 'N': 3, 'H': 11}","{'C': 12, 'N': 3, 'H': 11}",11 vs 11 vs 11,True
118,DrugBank_997,"{'C': 8, 'N': 2, 'O': 2, 'S': 1, 'Cl': 1, 'H': 7}","{'C': 8, 'N': 2, 'O': 2, 'S': 1, 'Cl': 1, 'H': 7}","{'C': 8, 'N': 2, 'O': 2, 'S': 1, 'Cl': 1, 'H': 7}",7 vs 7 vs 7,True
119,DrugBank_3693,"{'C': 11, 'N': 2, 'O': 5, 'S': 4, 'H': 12}","{'C': 11, 'N': 2, 'O': 5, 'S': 4, 'H': 12}","{'C': 11, 'N': 2, 'O': 5, 'S': 4, 'H': 12}",12 vs 12 vs 12,True
120,DrugBank_3726,"{'C': 9, 'N': 1, 'O': 3, 'P': 1, 'I': 1, 'H': 11}","{'C': 9, 'N': 1, 'O': 3, 'P': 1, 'I': 1, 'H': 11}","{'C': 9, 'N': 1, 'O': 3, 'P': 1, 'I': 1, 'H': 11}",11 vs 11 vs 11,True
121,DrugBank_1046,"{'C': 12, 'N': 3, 'O': 1, 'H': 19}","{'C': 12, 'N': 3, 'O': 1, 'H': 19}","{'C': 12, 'N': 3, 'O': 1, 'H': 19}",19 vs 19 vs 19,True
122,DrugBank_6145,"{'C': 10, 'N': 1, 'O': 3, 'S': 1, 'H': 9}","{'C': 10, 'N': 1, 'O': 3, 'S': 1, 'H': 9}","{'C': 10, 'N': 1, 'O': 3, 'S': 1, 'H': 9}",9 vs 9 vs 9,True
123,DrugBank_3739,--,--,--,--,--
124,DrugBank_6160,"{'C': 10, 'O': 3, 'S': 1, 'H': 8}","{'C': 10, 'O': 3, 'S': 1, 'H': 8}","{'C': 10, 'O': 3, 'S': 1, 'H': 8}",8 vs 8 vs 8,True
125,DrugBank_3752,"{'C': 11, 'N': 2, 'O': 4, 'H': 14}","{'C': 11, 'N': 2, 'O': 4, 'H': 14}","{'C': 11, 'N': 2, 'O': 4, 'H': 14}",14 vs 14 vs 14,True
126,DrugBank_6182,"{'C': 21, 'N': 1, 'O': 4, 'F': 1, 'S': 1, 'Cl': 1, 'H': 27}","{'C': 21, 'N': 1, 'O': 4, 'F': 1, 'S': 1, 'Cl': 1, 'H': 27}","{'C': 21, 'N': 1, 'O': 4, 'F': 1, 'S': 1, 'Cl': 1, 'H': 27}",27 vs 27 vs 27,True
127,DrugBank_3787,"{'C': 12, 'N': 2, 'H': 20}","{'C': 12, 'N': 2, 'H': 20}","{'C': 12, 'N': 2, 'H': 20}",20 vs 20 vs 20,True
128,DrugBank_1134,"{'C': 29, 'N': 4, 'O': 4, 'F': 1, 'S': 1, 'Cl': 1, 'H': 26}","{'C': 29, 'N': 4, 'O': 4, 'F': 1, 'S': 1, 'Cl': 1, 'H': 26}","{'C': 29, 'N': 4, 'O': 4, 'F': 1, 'S': 1, 'Cl': 1, 'H': 26}",26 vs 26 vs 26,True
129,DrugBank_3817,"{'C': 13, 'N': 3, 'O': 5, 'S': 2, 'H': 19}","{'C': 13, 'N': 3, 'O': 5, 'S': 2, 'H': 19}","{'C': 13, 'N': 3, 'O': 5, 'S': 2, 'H': 19}",19 vs 19 vs 19,True
130,DrugBank_1145,"{'C': 8, 'N': 4, 'H': 8}","{'C': 8, 'N': 4, 'H': 8}","{'C': 8, 'N': 4, 'H': 8}",8 vs 8 vs 8,True
131,DrugBank_6222,"{'C': 12, 'O': 3, 'S': 1, 'H': 10}","{'C': 12, 'O': 3, 'S': 1, 'H': 10}","{'C': 12, 'O': 3, 'S': 1, 'H': 10}",10 vs 10 vs 10,True
132,DrugBank_1168,"{'C': 18, 'N': 6, 'O': 8, 'S': 3, 'H': 18}","{'C': 18, 'N': 6, 'O': 8, 'S': 3, 'H': 18}","{'C': 18, 'N': 6, 'O': 8, 'S': 3, 'H': 18}",18 vs 18 vs 18,True
133,DrugBank_6232,"{'C': 10, 'N': 2, 'O': 4, 'S': 2, 'H': 14}","{'C': 10, 'N': 2, 'O': 4, 'S': 2, 'H': 14}","{'C': 10, 'N': 2, 'O': 4, 'S': 2, 'H': 14}",14 vs 14 vs 14,True
134,DrugBank_6235,"{'C': 18, 'O': 4, 'H': 16}","{'C': 18, 'O': 4, 'H': 16}","{'C': 18, 'O': 4, 'H': 16}",16 vs 16 vs 16,True
135,DrugBank_3844,"{'C': 3, 'O': 3, 'P': 1, 'H': 9}","{'C': 3, 'O': 3, 'P': 1, 'H': 9}","{'C': 3, 'O': 3, 'P': 1, 'H': 9}",9 vs 9 vs 9,True
136,DrugBank_1192,"{'C': 41, 'N': 1, 'O': 15, 'H': 67}","{'C': 41, 'N': 1, 'O': 15, 'H': 67}","{'C': 41, 'N': 1, 'O': 15, 'H': 67}",67 vs 67 vs 67,True
137,DrugBank_1212,"{'C': 24, 'O': 3, 'H': 30}","{'C': 24, 'O': 3, 'H': 30}","{'C': 24, 'O': 3, 'H': 30}",30 vs 30 vs 30,True
138,DrugBank_1216,"{'C': 12, 'N': 2, 'O': 2, 'H': 19}","{'C': 12, 'N': 2, 'O': 2, 'H': 19}","{'C': 12, 'N': 2, 'O': 2, 'H': 19}",19 vs 19 vs 19,True
139,DrugBank_3913,"{'C': 8, 'N': 3, 'O': 5, 'S': 1, 'H': 15}","{'C': 8, 'N': 3, 'O': 5, 'S': 1, 'H': 15}","{'C': 8, 'N': 3, 'O': 5, 'S': 1, 'H': 15}",15 vs 15 vs 15,True
140,DrugBank_6295,"{'C': 22, 'N': 3, 'O': 5, 'F': 1, 'H': 18}","{'C': 22, 'N': 3, 'O': 5, 'F': 1, 'H': 18}","{'C': 22, 'N': 3, 'O': 5, 'F': 1, 'H': 18}",18 vs 18 vs 18,True
141,DrugBank_6304,"{'C': 17, 'N': 2, 'O': 7, 'P': 1, 'S': 1, 'H': 33}","{'C': 17, 'N': 2, 'O': 7, 'P': 1, 'S': 1, 'H': 33}","{'C': 17, 'N': 2, 'O': 7, 'P': 1, 'S': 1, 'H': 33}",33 vs 33 vs 33,True
142,DrugBank_6305,"{'C': 18, 'N': 2, 'O': 7, 'P': 1, 'S': 1, 'H': 35}","{'C': 18, 'N': 2, 'O': 7, 'P': 1, 'S': 1, 'H': 35}","{'C': 18, 'N': 2, 'O': 7, 'P': 1, 'S': 1, 'H': 35}",35 vs 35 vs 35,True
143,DrugBank_3930,"{'C': 7, 'O': 5, 'P': 1, 'H': 5}","{'C': 7, 'O': 5, 'P': 1, 'H': 7}","{'C': 7, 'O': 5, 'P': 1, 'H': 5}",5 vs 7 vs 5,False
144,DrugBank_6315,"{'C': 19, 'N': 2, 'O': 7, 'S': 2, 'H': 28}","{'C': 19, 'N': 2, 'O': 7, 'S': 2, 'H': 28}","{'C': 19, 'N': 2, 'O': 7, 'S': 2, 'H': 28}",28 vs 28 vs 28,True
145,DrugBank_3937,"{'C': 26, 'N': 1, 'O': 7, 'S': 1, 'H': 45}","{'C': 26, 'N': 1, 'O': 7, 'S': 1, 'H': 45}","{'C': 26, 'N': 1, 'O': 7, 'S': 1, 'H': 45}",45 vs 45 vs 45,True
146,DrugBank_6316,"{'C': 24, 'N': 3, 'O': 5, 'S': 1, 'H': 27}","{'C': 24, 'N': 3, 'O': 5, 'S': 1, 'H': 27}","{'C': 24, 'N': 3, 'O': 5, 'S': 1, 'H': 27}",27 vs 27 vs 27,True
147,DrugBank_3945,"{'C': 2, 'O': 3, 'S': 1, 'H': 4}","{'C': 2, 'O': 3, 'S': 1, 'H': 4}","{'C': 2, 'O': 3, 'S': 1, 'H': 4}",4 vs 4 vs 4,True
148,DrugBank_6329,"{'C': 7, 'O': 4, 'P': 1, 'H': 15}","{'C': 7, 'O': 4, 'P': 1, 'H': 15}","{'C': 7, 'O': 4, 'P': 1, 'H': 15}",15 vs 15 vs 15,True
149,DrugBank_3954,"{'C': 3, 'N': 1, 'O': 5, 'S': 2, 'H': 7}","{'C': 3, 'N': 1, 'O': 5, 'S': 2, 'H': 7}","{'C': 3, 'N': 1, 'O': 5, 'S': 2, 'H': 7}",7 vs 7 vs 7,True
150,DrugBank_1313,"{'C': 15, 'N': 1, 'S': 1, 'H': 23}","{'C': 15, 'N': 1, 'S': 1, 'H': 23}","{'C': 15, 'N': 1, 'S': 1, 'H': 23}",23 vs 23 vs 23,True
151,DrugBank_6331,"{'C': 8, 'O': 3, 'S': 1, 'H': 8}","{'C': 8, 'O': 3, 'S': 1, 'H': 8}","{'C': 8, 'O': 3, 'S': 1, 'H': 8}",8 vs 8 vs 8,True
152,DrugBank_6342,"{'C': 20, 'N': 5, 'O': 1, 'Br': 1, 'H': 14}","{'C': 20, 'N': 5, 'O': 1, 'Br': 1, 'H': 14}","{'C': 20, 'N': 5, 'O': 1, 'Br': 1, 'H': 14}",14 vs 14 vs 14,True
153,DrugBank_6344,"{'C': 19, 'N': 5, 'O': 1, 'F': 1, 'Cl': 1, 'Br': 1, 'H': 10}","{'C': 19, 'N': 5, 'O': 1, 'F': 1, 'Cl': 1, 'Br': 1, 'H': 10}","{'C': 19, 'N': 5, 'O': 1, 'F': 1, 'Cl': 1, 'Br': 1, 'H': 10}",10 vs 10 vs 10,True
154,DrugBank_6353,--,--,--,--,--
155,DrugBank_6355,"{'C': 21, 'N': 1, 'O': 2, 'Br': 1, 'H': 22}","{'C': 21, 'N': 1, 'O': 2, 'Br': 1, 'H': 22}","{'C': 21, 'N': 1, 'O': 2, 'Br': 1, 'H': 22}",22 vs 22 vs 22,True
156,DrugBank_1391,"{'C': 10, 'N': 4, 'O': 5, 'S': 1, 'H': 12}","{'C': 10, 'N': 4, 'O': 5, 'S': 1, 'H': 12}","{'C': 10, 'N': 4, 'O': 5, 'S': 1, 'H': 12}",12 vs 12 vs 12,True
157,DrugBank_4032,"{'C': 14, 'N': 1, 'O': 2, 'S': 1, 'Cl': 2, 'Br': 1, 'H': 16}","{'C': 14, 'N': 1, 'O': 2, 'S': 1, 'Cl': 2, 'Br': 1, 'H': 16}","{'C': 14, 'N': 1, 'O': 2, 'S': 1, 'Cl': 2, 'Br': 1, 'H': 16}",16 vs 16 vs 16,True
158,DrugBank_6394,"{'C': 18, 'N': 1, 'O': 6, 'H': 21}","{'C': 18, 'N': 1, 'O': 6, 'H': 21}","{'C': 18, 'N': 1, 'O': 6, 'H': 21}",21 vs 21 vs 21,True
159,DrugBank_4039,"{'C': 24, 'O': 7, 'P': 2, 'H': 42}","{'C': 24, 'O': 7, 'P': 2, 'H': 42}","{'C': 24, 'O': 7, 'P': 2, 'H': 42}",42 vs 42 vs 42,True
160,DrugBank_6397,"{'C': 15, 'N': 1, 'O': 6, 'H': 21}","{'C': 15, 'N': 1, 'O': 6, 'H': 21}","{'C': 15, 'N': 1, 'O': 6, 'H': 21}",21 vs 21 vs 21,True
161,DrugBank_6401,"{'C': 20, 'N': 2, 'O': 3, 'P': 1, 'H': 27}","{'C': 20, 'N': 2, 'O': 3, 'P': 1, 'H': 27}","{'C': 20, 'N': 2, 'O': 3, 'P': 1, 'H': 27}",27 vs 27 vs 27,True
162,DrugBank_4047,"{'C': 16, 'N': 1, 'O': 3, 'S': 1, 'H': 13}","{'C': 16, 'N': 1, 'O': 3, 'S': 1, 'H': 13}","{'C': 16, 'N': 1, 'O': 3, 'S': 1, 'H': 13}",13 vs 13 vs 13,True
163,DrugBank_4063,"{'C': 6, 'O': 3, 'P': 1, 'H': 15}","{'C': 6, 'O': 3, 'P': 1, 'H': 15}","{'C': 6, 'O': 3, 'P': 1, 'H': 15}",15 vs 15 vs 15,True
164,DrugBank_4074,"{'C': 34, 'N': 2, 'O': 6, 'S': 1, 'H': 36}","{'C': 34, 'N': 2, 'O': 6, 'S': 1, 'H': 36}","{'C': 34, 'N': 2, 'O': 6, 'S': 1, 'H': 36}",36 vs 36 vs 36,True
165,DrugBank_1439,"{'C': 17, 'N': 2, 'O': 3, 'F': 2, 'Cl': 2, 'H': 14}","{'C': 17, 'N': 2, 'O': 3, 'F': 2, 'Cl': 2, 'H': 14}","{'C': 17, 'N': 2, 'O': 3, 'F': 2, 'Cl': 2, 'H': 14}",14 vs 14 vs 14,True
166,DrugBank_1447,"{'C': 6, 'N': 2, 'O': 4, 'H': 8}","{'C': 6, 'N': 2, 'O': 4, 'H': 8}","{'C': 6, 'N': 2, 'O': 4, 'H': 8}",8 vs 8 vs 8,True
167,DrugBank_1448,"{'C': 7, 'N': 3, 'H': 7}","{'C': 7, 'N': 3, 'H': 7}","{'C': 7, 'N': 3, 'H': 7}",7 vs 7 vs 7,True
168,DrugBank_1449,"{'C': 6, 'O': 24, 'S': 6, 'H': 12}","{'C': 6, 'O': 24, 'S': 6, 'H': 12}","{'C': 6, 'O': 24, 'S': 6, 'H': 12}",12 vs 12 vs 12,True
169,DrugBank_6432,"{'C': 21, 'N': 5, 'H': 19}","{'C': 21, 'N': 5, 'H': 19}","{'C': 21, 'N': 5, 'H': 19}",19 vs 19 vs 19,True
170,DrugBank_6442,"{'C': 19, 'N': 3, 'O': 6, 'S': 1, 'H': 21}","{'C': 19, 'N': 3, 'O': 6, 'S': 1, 'H': 21}","{'C': 19, 'N': 3, 'O': 6, 'S': 1, 'H': 21}",21 vs 21 vs 21,True
171,DrugBank_1465,"{'C': 3, 'O': 3, 'S': 1, 'H': 8}","{'C': 3, 'O': 3, 'S': 1, 'H': 8}","{'C': 3, 'O': 3, 'S': 1, 'H': 8}",8 vs 8 vs 8,True
172,DrugBank_1480,"{'C': 3, 'Cl': 2, 'H': 6}","{'C': 3, 'Cl': 2, 'H': 6}","{'C': 3, 'Cl': 2, 'H': 6}",6 vs 6 vs 6,True
173,DrugBank_6466,"{'C': 11, 'N': 1, 'O': 1, 'F': 3, 'S': 2, 'H': 8}","{'C': 11, 'N': 1, 'O': 1, 'F': 3, 'S': 2, 'H': 8}","{'C': 11, 'N': 1, 'O': 1, 'F': 3, 'S': 2, 'H': 8}",8 vs 8 vs 8,True
174,DrugBank_4136,"{'C': 6, 'N': 3, 'P': 1, 'S': 1, 'H': 12}","{'C': 6, 'N': 3, 'P': 1, 'S': 1, 'H': 12}","{'C': 6, 'N': 3, 'P': 1, 'S': 1, 'H': 12}",12 vs 12 vs 12,True
175,DrugBank_4138,"{'C': 18, 'O': 5, 'S': 1, 'H': 22}","{'C': 18, 'O': 5, 'S': 1, 'H': 22}","{'C': 18, 'O': 5, 'S': 1, 'H': 22}",22 vs 22 vs 22,True
176,DrugBank_6486,"{'C': 7, 'N': 3, 'O': 2, 'H': 13}","{'C': 7, 'N': 3, 'O': 2, 'H': 13}","{'C': 7, 'N': 3, 'O': 2, 'H': 13}",13 vs 13 vs 13,True
177,DrugBank_4161,"{'C': 16, 'N': 6, 'O': 3, 'S': 1, 'Br': 1, 'H': 13}","{'C': 16, 'N': 6, 'O': 3, 'S': 1, 'Br': 1, 'H': 13}","{'C': 16, 'N': 6, 'O': 3, 'S': 1, 'Br': 1, 'H': 13}",13 vs 13 vs 13,True
178,DrugBank_4162,"{'C': 16, 'N': 6, 'O': 3, 'S': 1, 'H': 14}","{'C': 16, 'N': 6, 'O': 3, 'S': 1, 'H': 14}","{'C': 16, 'N': 6, 'O': 3, 'S': 1, 'H': 14}",14 vs 14 vs 14,True
179,DrugBank_6509,"{'C': 16, 'N': 1, 'O': 5, 'P': 1, 'H': 22}","{'C': 16, 'N': 1, 'O': 5, 'P': 1, 'H': 22}","{'C': 16, 'N': 1, 'O': 5, 'P': 1, 'H': 22}",22 vs 22 vs 22,True
180,DrugBank_6511,"{'C': 10, 'N': 4, 'S': 1, 'Cl': 1, 'H': 9}","{'C': 10, 'N': 4, 'S': 1, 'Cl': 1, 'H': 9}","{'C': 10, 'N': 4, 'S': 1, 'Cl': 1, 'H': 9}",9 vs 9 vs 9,True
181,DrugBank_1538,"{'C': 34, 'N': 4, 'O': 9, 'S': 1, 'H': 50}","{'C': 34, 'N': 4, 'O': 9, 'S': 1, 'H': 50}","{'C': 34, 'N': 4, 'O': 9, 'S': 1, 'H': 50}",50 vs 50 vs 50,True
182,DrugBank_4188,"{'C': 15, 'N': 1, 'O': 5, 'Cl': 2, 'H': 21}","{'C': 15, 'N': 1, 'O': 5, 'Cl': 2, 'H': 21}","{'C': 15, 'N': 1, 'O': 5, 'Cl': 2, 'H': 21}",21 vs 21 vs 21,True
183,DrugBank_6531,"{'C': 19, 'N': 5, 'O': 3, 'H': 29}","{'C': 19, 'N': 5, 'O': 3, 'H': 29}","{'C': 19, 'N': 5, 'O': 3, 'H': 29}",29 vs 29 vs 29,True
184,DrugBank_1564,"{'C': 10, 'N': 5, 'O': 6, 'P': 1, 'S': 2, 'H': 10}","{'C': 10, 'N': 5, 'O': 6, 'P': 1, 'S': 2, 'H': 14}","{'C': 10, 'N': 5, 'O': 6, 'P': 1, 'S': 2, 'H': 10}",10 vs 14 vs 10,False
185,DrugBank_4193,"{'C': 6, 'O': 1, 'Br': 1, 'H': 13}","{'C': 6, 'O': 1, 'Br': 1, 'H': 13}","{'C': 6, 'O': 1, 'Br': 1, 'H': 13}",13 vs 13 vs 13,True
186,DrugBank_6533,"{'C': 19, 'N': 3, 'O': 6, 'S': 1, 'H': 35}","{'C': 19, 'N': 3, 'O': 6, 'S': 1, 'H': 35}","{'C': 19, 'N': 3, 'O': 6, 'S': 1, 'H': 35}",35 vs 35 vs 35,True
187,DrugBank_4196,"{'C': 10, 'O': 6, 'S': 2, 'H': 8}","{'C': 10, 'O': 6, 'S': 2, 'H': 8}","{'C': 10, 'O': 6, 'S': 2, 'H': 8}",8 vs 8 vs 8,True
188,DrugBank_1570,--,--,--,--,--
189,DrugBank_1586,"{'C': 6, 'O': 9, 'S': 1, 'H': 12}","{'C': 6, 'O': 9, 'S': 1, 'H': 12}","{'C': 6, 'O': 9, 'S': 1, 'H': 12}",12 vs 12 vs 12,True
190,DrugBank_4215,"{'C': 15, 'N': 1, 'O': 8, 'S': 2, 'H': 21}","{'C': 15, 'N': 1, 'O': 8, 'S': 2, 'H': 21}","{'C': 15, 'N': 1, 'O': 8, 'S': 2, 'H': 21}",21 vs 21 vs 21,True
191,DrugBank_4217,"{'C': 48, 'N': 1, 'O': 11, 'S': 1, 'H': 91}","{'C': 48, 'N': 1, 'O': 11, 'S': 1, 'H': 91}","{'C': 48, 'N': 1, 'O': 11, 'S': 1, 'H': 91}",91 vs 91 vs 91,True
192,DrugBank_1594,--,--,--,--,--
193,DrugBank_1598,"{'C': 30, 'N': 3, 'O': 10, 'P': 2, 'H': 41}","{'C': 30, 'N': 3, 'O': 10, 'P': 2, 'H': 41}","{'C': 30, 'N': 3, 'O': 10, 'P': 2, 'H': 41}",41 vs 41 vs 41,True
194,DrugBank_6567,"{'C': 8, 'N': 1, 'O': 3, 'S': 1, 'H': 11}","{'C': 8, 'N': 1, 'O': 3, 'S': 1, 'H': 11}","{'C': 8, 'N': 1, 'O': 3, 'S': 1, 'H': 11}",11 vs 11 vs 11,True
195,DrugBank_1608,"{'C': 7, 'O': 7, 'P': 1, 'H': 15}","{'C': 7, 'O': 7, 'P': 1, 'H': 15}","{'C': 7, 'O': 7, 'P': 1, 'H': 15}",15 vs 15 vs 15,True
196,DrugBank_6573,"{'C': 11, 'O': 2, 'S': 1, 'H': 22}","{'C': 11, 'O': 2, 'S': 1, 'H': 22}","{'C': 11, 'O': 2, 'S': 1, 'H': 22}",22 vs 22 vs 22,True
197,DrugBank_4247,"{'C': 14, 'N': 5, 'O': 4, 'S': 1, 'H': 9}","{'C': 14, 'N': 5, 'O': 4, 'S': 1, 'H': 9}","{'C': 14, 'N': 5, 'O': 4, 'S': 1, 'H': 9}",9 vs 9 vs 9,True
198,DrugBank_4249,"{'C': 10, 'N': 3, 'O': 8, 'S': 1, 'H': 17}","{'C': 10, 'N': 3, 'O': 8, 'S': 1, 'H': 17}","{'C': 10, 'N': 3, 'O': 8, 'S': 1, 'H': 17}",17 vs 17 vs 17,True
199,DrugBank_1633,"{'C': 8, 'O': 5, 'S': 1, 'H': 8}","{'C': 8, 'O': 5, 'S': 1, 'H': 8}","{'C': 8, 'O': 5, 'S': 1, 'H': 8}",8 vs 8 vs 8,True
200,DrugBank_1634,"{'C': 11, 'N': 3, 'O': 6, 'P': 1, 'H': 21}","{'C': 11, 'N': 3, 'O': 6, 'P': 1, 'H': 23}","{'C': 11, 'N': 3, 'O': 6, 'P': 1, 'H': 21}",21 vs 23 vs 21,False
201,DrugBank_1637,"{'C': 8, 'N': 1, 'O': 9, 'S': 1, 'H': 15}","{'C': 8, 'N': 1, 'O': 9, 'S': 1, 'H': 15}","{'C': 8, 'N': 1, 'O': 9, 'S': 1, 'H': 15}",15 vs 15 vs 15,True
202,DrugBank_6601,"{'C': 12, 'O': 4, 'S': 1, 'H': 22}","{'C': 12, 'O': 4, 'S': 1, 'H': 22}","{'C': 12, 'O': 4, 'S': 1, 'H': 22}",22 vs 22 vs 22,True
203,DrugBank_1642,"{'C': 32, 'N': 2, 'O': 10, 'S': 2, 'H': 26}","{'C': 32, 'N': 2, 'O': 10, 'S': 2, 'H': 26}","{'C': 32, 'N': 2, 'O': 10, 'S': 2, 'H': 26}",26 vs 26 vs 26,True
204,DrugBank_1659,--,--,--,--,--
205,DrugBank_1661,--,--,--,--,--
206,DrugBank_1668,"{'C': 32, 'N': 3, 'O': 9, 'P': 1, 'H': 36}","{'C': 32, 'N': 3, 'O': 9, 'P': 1, 'H': 36}","{'C': 32, 'N': 3, 'O': 9, 'P': 1, 'H': 36}",36 vs 36 vs 36,True
207,DrugBank_1674,"{'C': 3, 'N': 1, 'O': 3, 'S': 1, 'H': 7}","{'C': 3, 'N': 1, 'O': 3, 'S': 1, 'H': 7}","{'C': 3, 'N': 1, 'O': 3, 'S': 1, 'H': 7}",7 vs 7 vs 7,True
208,DrugBank_4301,"{'C': 13, 'N': 1, 'O': 5, 'Cl': 2, 'H': 9}","{'C': 13, 'N': 1, 'O': 5, 'Cl': 2, 'H': 9}","{'C': 13, 'N': 1, 'O': 5, 'Cl': 2, 'H': 9}",9 vs 9 vs 9,True
209,DrugBank_6647,"{'C': 11, 'O': 5, 'P': 1, 'H': 23}","{'C': 11, 'O': 5, 'P': 1, 'H': 23}","{'C': 11, 'O': 5, 'P': 1, 'H': 23}",23 vs 23 vs 23,True
210,DrugBank_1697,"{'C': 24, 'N': 1, 'O': 2, 'H': 29}","{'C': 24, 'N': 1, 'O': 2, 'H': 29}","{'C': 24, 'N': 1, 'O': 2, 'H': 29}",29 vs 29 vs 29,True
211,DrugBank_1700,"{'C': 9, 'N': 3, 'O': 9, 'P': 1, 'H': 14}","{'C': 9, 'N': 3, 'O': 9, 'P': 1, 'H': 17}","{'C': 9, 'N': 3, 'O': 9, 'P': 1, 'H': 14}",14 vs 17 vs 14,False
212,DrugBank_4316,"{'C': 23, 'N': 6, 'O': 4, 'S': 1, 'H': 38}","{'C': 23, 'N': 6, 'O': 4, 'S': 1, 'H': 38}","{'C': 23, 'N': 6, 'O': 4, 'S': 1, 'H': 38}",38 vs 38 vs 38,True
213,DrugBank_4322,"{'C': 18, 'N': 4, 'O': 2, 'H': 26}","{'C': 18, 'N': 4, 'O': 2, 'H': 26}","{'C': 18, 'N': 4, 'O': 2, 'H': 26}",26 vs 26 vs 26,True
214,DrugBank_4323,"{'C': 10, 'N': 1, 'O': 4, 'S': 2, 'H': 13}","{'C': 10, 'N': 1, 'O': 4, 'S': 2, 'H': 13}","{'C': 10, 'N': 1, 'O': 4, 'S': 2, 'H': 13}",13 vs 13 vs 13,True
215,DrugBank_1710,"{'C': 2, 'N': 1, 'O': 3, 'S': 1, 'H': 7}","{'C': 2, 'N': 1, 'O': 3, 'S': 1, 'H': 7}","{'C': 2, 'N': 1, 'O': 3, 'S': 1, 'H': 7}",7 vs 7 vs 7,True
216,DrugBank_4330,"{'C': 51, 'N': 6, 'O': 23, 'S': 6, 'H': 40}","{'C': 51, 'N': 6, 'O': 23, 'S': 6, 'H': 40}","{'C': 51, 'N': 6, 'O': 23, 'S': 6, 'H': 40}",40 vs 40 vs 40,True
217,DrugBank_4344,"{'C': 10, 'N': 3, 'O': 3, 'S': 1, 'H': 11}","{'C': 10, 'N': 3, 'O': 3, 'S': 1, 'H': 11}","{'C': 10, 'N': 3, 'O': 3, 'S': 1, 'H': 11}",11 vs 11 vs 11,True
218,DrugBank_1721,"{'C': 21, 'N': 3, 'O': 3, 'S': 1, 'H': 29}","{'C': 21, 'N': 3, 'O': 3, 'S': 1, 'H': 29}","{'C': 21, 'N': 3, 'O': 3, 'S': 1, 'H': 29}",29 vs 29 vs 29,True
219,DrugBank_4346,--,--,--,--,--
220,DrugBank_1722,"{'C': 2, 'N': 1, 'S': 1, 'H': 5}","{'C': 2, 'N': 1, 'S': 1, 'H': 5}","{'C': 2, 'N': 1, 'S': 1, 'H': 5}",5 vs 5 vs 5,True
221,DrugBank_1727,"{'C': 10, 'N': 1, 'O': 5, 'S': 1, 'H': 13}","{'C': 10, 'N': 1, 'O': 5, 'S': 1, 'H': 13}","{'C': 10, 'N': 1, 'O': 5, 'S': 1, 'H': 13}",13 vs 13 vs 13,True
222,DrugBank_1728,"{'C': 8, 'N': 3, 'O': 5, 'S': 1, 'H': 13}","{'C': 8, 'N': 3, 'O': 5, 'S': 1, 'H': 13}","{'C': 8, 'N': 3, 'O': 5, 'S': 1, 'H': 13}",13 vs 13 vs 13,True
223,DrugBank_1735,"{'C': 6, 'O': 8, 'S': 1, 'H': 10}","{'C': 6, 'O': 8, 'S': 1, 'H': 10}","{'C': 6, 'O': 8, 'S': 1, 'H': 10}",10 vs 10 vs 10,True
224,DrugBank_1742,"{'C': 30, 'N': 5, 'H': 27}","{'C': 30, 'N': 5, 'H': 27}","{'C': 30, 'N': 5, 'H': 27}",27 vs 27 vs 27,True
225,DrugBank_1744,"{'C': 27, 'O': 4, 'S': 1, 'H': 46}","{'C': 27, 'O': 4, 'S': 1, 'H': 46}","{'C': 27, 'O': 4, 'S': 1, 'H': 46}",46 vs 46 vs 46,True
226,DrugBank_6711,"{'C': 26, 'N': 1, 'O': 6, 'S': 1, 'H': 45}","{'C': 26, 'N': 1, 'O': 6, 'S': 1, 'H': 45}","{'C': 26, 'N': 1, 'O': 6, 'S': 1, 'H': 45}",45 vs 45 vs 45,True
227,DrugBank_6722,"{'C': 25, 'N': 1, 'O': 4, 'F': 1, 'H': 24}","{'C': 25, 'N': 1, 'O': 4, 'F': 1, 'H': 24}","{'C': 25, 'N': 1, 'O': 4, 'F': 1, 'H': 24}",24 vs 24 vs 24,True
228,DrugBank_6731,"{'C': 28, 'N': 3, 'O': 5, 'F': 1, 'H': 24}","{'C': 28, 'N': 3, 'O': 5, 'F': 1, 'H': 24}","{'C': 28, 'N': 3, 'O': 5, 'F': 1, 'H': 24}",24 vs 24 vs 24,True
229,DrugBank_6739,"{'C': 40, 'N': 5, 'O': 7, 'H': 57}","{'C': 40, 'N': 5, 'O': 7, 'H': 57}","{'C': 40, 'N': 5, 'O': 7, 'H': 57}",57 vs 57 vs 57,True
230,DrugBank_1788,"{'C': 16, 'O': 2, 'F': 1, 'S': 1, 'H': 33}","{'C': 16, 'O': 2, 'F': 1, 'S': 1, 'H': 33}","{'C': 16, 'O': 2, 'F': 1, 'S': 1, 'H': 33}",33 vs 33 vs 33,True
231,DrugBank_1791,"{'C': 11, 'N': 3, 'O': 7, 'P': 1, 'H': 16}","{'C': 11, 'N': 3, 'O': 7, 'P': 1, 'H': 16}","{'C': 11, 'N': 3, 'O': 7, 'P': 1, 'H': 16}",16 vs 16 vs 16,True
232,DrugBank_4419,"{'C': 20, 'N': 4, 'Cl': 1, 'H': 15}","{'C': 20, 'N': 4, 'Cl': 1, 'H': 15}","{'C': 20, 'N': 4, 'Cl': 1, 'H': 15}",15 vs 15 vs 15,True
233,DrugBank_1802,--,--,--,--,--
234,DrugBank_4434,"{'C': 15, 'N': 2, 'O': 1, 'H': 22}","{'C': 15, 'N': 2, 'O': 1, 'H': 22}","{'C': 15, 'N': 2, 'O': 1, 'H': 22}",22 vs 22 vs 22,True
235,DrugBank_6775,"{'C': 14, 'N': 3, 'O': 5, 'S': 1, 'H': 13}","{'C': 14, 'N': 3, 'O': 5, 'S': 1, 'H': 13}","{'C': 14, 'N': 3, 'O': 5, 'S': 1, 'H': 13}",13 vs 13 vs 13,True
236,DrugBank_6801,"{'C': 24, 'O': 5, 'F': 1, 'Cl': 2, 'H': 29}","{'C': 24, 'O': 5, 'F': 1, 'Cl': 2, 'H': 29}","{'C': 24, 'O': 5, 'F': 1, 'Cl': 2, 'H': 29}",29 vs 29 vs 29,True
237,DrugBank_4468,"{'C': 26, 'N': 5, 'O': 10, 'P': 1, 'S': 1, 'Cl': 4, 'H': 40}","{'C': 26, 'N': 5, 'O': 10, 'P': 1, 'S': 1, 'Cl': 4, 'H': 40}","{'C': 26, 'N': 5, 'O': 10, 'P': 1, 'S': 1, 'Cl': 4, 'H': 40}",40 vs 40 vs 40,True
238,DrugBank_1849,"{'C': 33, 'N': 4, 'O': 3, 'H': 38}","{'C': 33, 'N': 4, 'O': 3, 'H': 38}","{'C': 33, 'N': 4, 'O': 3, 'H': 38}",38 vs 38 vs 38,True
239,DrugBank_1864,"{'C': 19, 'N': 2, 'O': 4, 'S': 1, 'H': 20}","{'C': 19, 'N': 2, 'O': 4, 'S': 1, 'H': 20}","{'C': 19, 'N': 2, 'O': 4, 'S': 1, 'H': 20}",20 vs 20 vs 20,True
240,DrugBank_4492,"{'C': 19, 'O': 2, 'Br': 1, 'H': 29}","{'C': 19, 'O': 2, 'Br': 1, 'H': 29}","{'C': 19, 'O': 2, 'Br': 1, 'H': 29}",29 vs 29 vs 29,True
241,DrugBank_4515,"{'C': 20, 'O': 5, 'S': 1, 'H': 28}","{'C': 20, 'O': 5, 'S': 1, 'H': 28}","{'C': 20, 'O': 5, 'S': 1, 'H': 28}",28 vs 28 vs 28,True
242,DrugBank_6865,"{'C': 7, 'N': 3, 'O': 6, 'S': 1, 'H': 11}","{'C': 7, 'N': 3, 'O': 6, 'S': 1, 'H': 11}","{'C': 7, 'N': 3, 'O': 6, 'S': 1, 'H': 11}",11 vs 11 vs 11,True
243,DrugBank_6874,"{'C': 24, 'N': 4, 'O': 3, 'F': 1, 'H': 23}","{'C': 24, 'N': 4, 'O': 3, 'F': 1, 'H': 23}","{'C': 24, 'N': 4, 'O': 3, 'F': 1, 'H': 23}",23 vs 23 vs 23,True
244,DrugBank_6875,"{'C': 24, 'N': 7, 'O': 4, 'S': 1, 'Cl': 1, 'H': 30}","{'C': 24, 'N': 7, 'O': 4, 'S': 1, 'Cl': 1, 'H': 30}","{'C': 24, 'N': 7, 'O': 4, 'S': 1, 'Cl': 1, 'H': 30}",30 vs 30 vs 30,True
245,DrugBank_1897,"{'C': 3, 'N': 1, 'O': 4, 'S': 1, 'H': 7}","{'C': 3, 'N': 1, 'O': 4, 'S': 1, 'H': 7}","{'C': 3, 'N': 1, 'O': 4, 'S': 1, 'H': 7}",7 vs 7 vs 7,True
246,DrugBank_1900,"{'C': 3, 'O': 6, 'S': 1, 'H': 4}","{'C': 3, 'O': 6, 'S': 1, 'H': 4}","{'C': 3, 'O': 6, 'S': 1, 'H': 4}",4 vs 4 vs 4,True
247,DrugBank_1905,"{'C': 12, 'N': 6, 'O': 6, 'S': 1, 'H': 18}","{'C': 12, 'N': 6, 'O': 6, 'S': 1, 'H': 18}","{'C': 12, 'N': 6, 'O': 6, 'S': 1, 'H': 18}",18 vs 18 vs 18,True
248,DrugBank_4536,"{'C': 12, 'O': 3, 'S': 1, 'Cl': 2, 'H': 8}","{'C': 12, 'O': 3, 'S': 1, 'Cl': 2, 'H': 8}","{'C': 12, 'O': 3, 'S': 1, 'Cl': 2, 'H': 8}",8 vs 8 vs 8,True
249,DrugBank_4545,"{'C': 33, 'N': 3, 'O': 5, 'S': 2, 'H': 33}","{'C': 33, 'N': 3, 'O': 5, 'S': 2, 'H': 33}","{'C': 33, 'N': 3, 'O': 5, 'S': 2, 'H': 33}",33 vs 33 vs 33,True
250,DrugBank_6895,"{'C': 14, 'O': 4, 'H': 10}","{'C': 14, 'O': 4, 'H': 10}","{'C': 14, 'O': 4, 'H': 10}",10 vs 10 vs 10,True
251,DrugBank_1928,"{'C': 8, 'N': 1, 'O': 9, 'S': 1, 'H': 15}","{'C': 8, 'N': 1, 'O': 9, 'S': 1, 'H': 15}","{'C': 8, 'N': 1, 'O': 9, 'S': 1, 'H': 15}",15 vs 15 vs 15,True
252,DrugBank_6928,"{'C': 49, 'N': 10, 'O': 16, 'S': 3, 'H': 62}","{'C': 49, 'N': 10, 'O': 16, 'S': 3, 'H': 62}","{'C': 49, 'N': 10, 'O': 16, 'S': 3, 'H': 62}",62 vs 62 vs 62,True
253,DrugBank_1942,"{'C': 35, 'N': 2, 'O': 5, 'S': 1, 'H': 38}","{'C': 35, 'N': 2, 'O': 5, 'S': 1, 'H': 38}","{'C': 35, 'N': 2, 'O': 5, 'S': 1, 'H': 38}",38 vs 38 vs 38,True
254,DrugBank_4580,"{'C': 22, 'N': 2, 'O': 7, 'S': 1, 'H': 24}","{'C': 22, 'N': 2, 'O': 7, 'S': 1, 'H': 24}","{'C': 22, 'N': 2, 'O': 7, 'S': 1, 'H': 24}",24 vs 24 vs 24,True
255,DrugBank_4584,"{'C': 15, 'O': 3, 'H': 18}","{'C': 15, 'O': 3, 'H': 18}","{'C': 15, 'O': 3, 'H': 18}",18 vs 18 vs 18,True
256,DrugBank_4586,"{'C': 8, 'F': 17, 'Br': 1}","{'C': 8, 'F': 17, 'Br': 1}","{'C': 8, 'F': 17, 'Br': 1}",None vs None vs None,True
257,DrugBank_6947,--,--,--,--,--
258,DrugBank_4590,"{'C': 19, 'O': 5, 'S': 1, 'H': 28}","{'C': 19, 'O': 5, 'S': 1, 'H': 28}","{'C': 19, 'O': 5, 'S': 1, 'H': 28}",28 vs 28 vs 28,True
259,DrugBank_4593,"{'C': 6, 'N': 3, 'O': 5, 'S': 2, 'Cl': 1, 'H': 14}","{'C': 6, 'N': 3, 'O': 5, 'S': 2, 'Cl': 1, 'H': 14}","{'C': 6, 'N': 3, 'O': 5, 'S': 2, 'Cl': 1, 'H': 14}",14 vs 14 vs 14,True
260,DrugBank_1956,"{'C': 9, 'N': 1, 'O': 3, 'S': 1, 'H': 19}","{'C': 9, 'N': 1, 'O': 3, 'S': 1, 'H': 19}","{'C': 9, 'N': 1, 'O': 3, 'S': 1, 'H': 19}",19 vs 19 vs 19,True
261,DrugBank_1962,"{'C': 18, 'N': 1, 'O': 6, 'P': 1, 'S': 2, 'H': 36}","{'C': 18, 'N': 1, 'O': 6, 'P': 1, 'S': 2, 'H': 37}","{'C': 18, 'N': 1, 'O': 6, 'P': 1, 'S': 2, 'H': 36}",36 vs 37 vs 36,False
262,DrugBank_1966,"{'C': 15, 'N': 7, 'O': 7, 'S': 2, 'H': 25}","{'C': 15, 'N': 7, 'O': 7, 'S': 2, 'H': 25}","{'C': 15, 'N': 7, 'O': 7, 'S': 2, 'H': 25}",25 vs 25 vs 25,True
263,DrugBank_1971,"{'C': 5, 'N': 1, 'O': 3, 'S': 1, 'H': 11}","{'C': 5, 'N': 1, 'O': 3, 'S': 1, 'H': 11}","{'C': 5, 'N': 1, 'O': 3, 'S': 1, 'H': 11}",11 vs 11 vs 11,True
264,DrugBank_1982,"{'C': 6, 'N': 1, 'O': 5, 'S': 1, 'H': 11}","{'C': 6, 'N': 1, 'O': 5, 'S': 1, 'H': 11}","{'C': 6, 'N': 1, 'O': 5, 'S': 1, 'H': 11}",11 vs 11 vs 11,True
265,DrugBank_1991,"{'C': 4, 'N': 1, 'O': 5, 'P': 1, 'Br': 1, 'H': 9}","{'C': 4, 'N': 1, 'O': 5, 'P': 1, 'Br': 1, 'H': 9}","{'C': 4, 'N': 1, 'O': 5, 'P': 1, 'Br': 1, 'H': 9}",9 vs 9 vs 9,True
266,DrugBank_1998,"{'C': 6, 'O': 10, 'S': 1, 'H': 10}","{'C': 6, 'O': 10, 'S': 1, 'H': 10}","{'C': 6, 'O': 10, 'S': 1, 'H': 10}",10 vs 10 vs 10,True
267,DrugBank_7020,"{'C': 5, 'N': 5, 'O': 1, 'H': 7}","{'C': 5, 'N': 5, 'O': 1, 'H': 7}","{'C': 5, 'N': 5, 'O': 1, 'H': 7}",7 vs 7 vs 7,True
268,DrugBank_7037,"{'C': 18, 'N': 1, 'O': 8, 'S': 2, 'H': 15}","{'C': 18, 'N': 1, 'O': 8, 'S': 2, 'H': 15}","{'C': 18, 'N': 1, 'O': 8, 'S': 2, 'H': 15}",15 vs 15 vs 15,True
269,DrugBank_4659,"{'C': 6, 'N': 2, 'O': 2, 'H': 8}","{'C': 6, 'N': 2, 'O': 2, 'H': 8}","{'C': 6, 'N': 2, 'O': 2, 'H': 8}",8 vs 8 vs 8,True
270,DrugBank_2017,"{'C': 8, 'N': 1, 'O': 3, 'S': 1, 'H': 11}","{'C': 8, 'N': 1, 'O': 3, 'S': 1, 'H': 11}","{'C': 8, 'N': 1, 'O': 3, 'S': 1, 'H': 11}",11 vs 11 vs 11,True
271,DrugBank_7043,"{'C': 19, 'O': 8, 'H': 28}","{'C': 19, 'O': 8, 'H': 28}","{'C': 19, 'O': 8, 'H': 28}",28 vs 28 vs 28,True
272,DrugBank_4662,"{'C': 22, 'N': 8, 'O': 8, 'P': 1, 'S': 4, 'H': 21}","{'C': 22, 'N': 8, 'O': 8, 'P': 1, 'S': 4, 'H': 23}","{'C': 22, 'N': 8, 'O': 8, 'P': 1, 'S': 4, 'H': 21}",21 vs 23 vs 21,False
273,DrugBank_7047,"{'C': 24, 'N': 2, 'O': 5, 'F': 2, 'H': 18}","{'C': 24, 'N': 2, 'O': 5, 'F': 2, 'H': 18}","{'C': 24, 'N': 2, 'O': 5, 'F': 2, 'H': 18}",18 vs 18 vs 18,True
274,DrugBank_7049,--,--,--,--,--
275,DrugBank_2022,"{'C': 14, 'N': 1, 'O': 5, 'S': 1, 'H': 15}","{'C': 14, 'N': 1, 'O': 5, 'S': 1, 'H': 15}","{'C': 14, 'N': 1, 'O': 5, 'S': 1, 'H': 15}",15 vs 15 vs 15,True
276,DrugBank_4670,"{'C': 5, 'N': 2, 'H': 6}","{'C': 5, 'N': 2, 'H': 6}","{'C': 5, 'N': 2, 'H': 6}",6 vs 6 vs 6,True
277,DrugBank_2033,"{'C': 4, 'N': 2, 'O': 2, 'I': 1, 'H': 5}","{'C': 4, 'N': 2, 'O': 2, 'I': 1, 'H': 5}","{'C': 4, 'N': 2, 'O': 2, 'I': 1, 'H': 5}",5 vs 5 vs 5,True
278,DrugBank_4682,"{'C': 16, 'O': 5, 'H': 26}","{'C': 16, 'O': 5, 'H': 26}","{'C': 16, 'O': 5, 'H': 26}",26 vs 26 vs 26,True
279,DrugBank_7079,"{'C': 8, 'N': 1, 'O': 5, 'S': 1, 'H': 11}","{'C': 8, 'N': 1, 'O': 5, 'S': 1, 'H': 11}","{'C': 8, 'N': 1, 'O': 5, 'S': 1, 'H': 11}",11 vs 11 vs 11,True
280,DrugBank_4702,"{'C': 23, 'N': 4, 'O': 6, 'F': 7, 'P': 1, 'H': 22}","{'C': 23, 'N': 4, 'O': 6, 'F': 7, 'P': 1, 'H': 22}","{'C': 23, 'N': 4, 'O': 6, 'F': 7, 'P': 1, 'H': 22}",22 vs 22 vs 22,True
281,DrugBank_2048,"{'C': 6, 'O': 4, 'F': 2, 'H': 10}","{'C': 6, 'O': 4, 'F': 2, 'H': 10}","{'C': 6, 'O': 4, 'F': 2, 'H': 10}",10 vs 10 vs 10,True
282,DrugBank_2052,"{'C': 12, 'N': 1, 'O': 19, 'S': 3, 'H': 15}","{'C': 12, 'N': 1, 'O': 19, 'S': 3, 'H': 19}","{'C': 12, 'N': 1, 'O': 19, 'S': 3, 'H': 15}",15 vs 19 vs 15,False
283,DrugBank_7108,"{'C': 28, 'O': 8, 'S': 2, 'H': 34}","{'C': 28, 'O': 8, 'S': 2, 'H': 34}","{'C': 28, 'O': 8, 'S': 2, 'H': 34}",34 vs 34 vs 34,True
284,DrugBank_2063,"{'C': 3, 'O': 6, 'S': 1, 'H': 6}","{'C': 3, 'O': 6, 'S': 1, 'H': 6}","{'C': 3, 'O': 6, 'S': 1, 'H': 6}",6 vs 6 vs 6,True
285,DrugBank_2065,"{'C': 30, 'N': 3, 'O': 9, 'P': 2, 'H': 35}","{'C': 30, 'N': 3, 'O': 9, 'P': 2, 'H': 35}","{'C': 30, 'N': 3, 'O': 9, 'P': 2, 'H': 35}",35 vs 35 vs 35,True
286,DrugBank_2070,"{'C': 29, 'N': 4, 'O': 6, 'F': 5, 'H': 37}","{'C': 29, 'N': 4, 'O': 6, 'F': 5, 'H': 37}","{'C': 29, 'N': 4, 'O': 6, 'F': 5, 'H': 37}",37 vs 37 vs 37,True
287,DrugBank_2077,"{'O': 3, 'F': 1, 'P': 1}","{'O': 3, 'F': 1, 'P': 1, 'H': 2}","{'O': 3, 'F': 1, 'P': 1}",None vs 2 vs None,False
288,DrugBank_7124,"{'C': 38, 'N': 6, 'O': 9, 'S': 1, 'H': 50}","{'C': 38, 'N': 6, 'O': 9, 'S': 1, 'H': 50}","{'C': 38, 'N': 6, 'O': 9, 'S': 1, 'H': 50}",50 vs 50 vs 50,True
289,DrugBank_2082,"{'C': 12, 'N': 1, 'O': 16, 'S': 2, 'H': 16}","{'C': 12, 'N': 1, 'O': 16, 'S': 2, 'H': 19}","{'C': 12, 'N': 1, 'O': 16, 'S': 2, 'H': 16}",16 vs 19 vs 16,False
290,DrugBank_2095,"{'C': 16, 'N': 3, 'O': 7, 'S': 2, 'H': 25}","{'C': 16, 'N': 3, 'O': 7, 'S': 2, 'H': 25}","{'C': 16, 'N': 3, 'O': 7, 'S': 2, 'H': 25}",25 vs 25 vs 25,True
291,DrugBank_2099,"{'C': 6, 'N': 1, 'O': 6, 'S': 1, 'H': 15}","{'C': 6, 'N': 1, 'O': 6, 'S': 1, 'H': 15}","{'C': 6, 'N': 1, 'O': 6, 'S': 1, 'H': 15}",15 vs 15 vs 15,True
292,DrugBank_4778,"{'C': 22, 'N': 2, 'O': 6, 'P': 1, 'S': 1, 'H': 31}","{'C': 22, 'N': 2, 'O': 6, 'P': 1, 'S': 1, 'H': 31}","{'C': 22, 'N': 2, 'O': 6, 'P': 1, 'S': 1, 'H': 31}",31 vs 31 vs 31,True
293,DrugBank_2131,"{'C': 12, 'O': 2, 'Br': 1, 'H': 23}","{'C': 12, 'O': 2, 'Br': 1, 'H': 23}","{'C': 12, 'O': 2, 'Br': 1, 'H': 23}",23 vs 23 vs 23,True
294,DrugBank_2134,"{'C': 10, 'N': 2, 'O': 2, 'H': 22}","{'C': 10, 'N': 2, 'O': 2, 'H': 22}","{'C': 10, 'N': 2, 'O': 2, 'H': 22}",22 vs 22 vs 22,True
295,DrugBank_2140,"{'C': 10, 'O': 2, 'S': 1, 'H': 22}","{'C': 10, 'O': 2, 'S': 1, 'H': 22}","{'C': 10, 'O': 2, 'S': 1, 'H': 22}",22 vs 22 vs 22,True
296,DrugBank_2141,"{'C': 10, 'N': 5, 'O': 4, 'I': 1, 'H': 14}","{'C': 10, 'N': 5, 'O': 4, 'I': 1, 'H': 14}","{'C': 10, 'N': 5, 'O': 4, 'I': 1, 'H': 14}",14 vs 14 vs 14,True
297,DrugBank_2148,"{'O': 6, 'P': 2, 'S': 1, 'H': 3}","{'O': 6, 'P': 2, 'S': 1, 'H': 4}","{'O': 6, 'P': 2, 'S': 1, 'H': 3}",3 vs 4 vs 3,False
298,DrugBank_2151,"{'C': 31, 'O': 19, 'S': 2, 'H': 46}","{'C': 31, 'O': 19, 'S': 2, 'H': 46}","{'C': 31, 'O': 19, 'S': 2, 'H': 46}",46 vs 46 vs 46,True
299,DrugBank_4829,"{'C': 16, 'N': 3, 'O': 6, 'S': 1, 'H': 23}","{'C': 16, 'N': 3, 'O': 6, 'S': 1, 'H': 23}","{'C': 16, 'N': 3, 'O': 6, 'S': 1, 'H': 23}",23 vs 23 vs 23,True
300,DrugBank_4835,"{'C': 10, 'O': 3, 'S': 1, 'H': 22}","{'C': 10, 'O': 3, 'S': 1, 'H': 22}","{'C': 10, 'O': 3, 'S': 1, 'H': 22}",22 vs 22 vs 22,True
301,DrugBank_2178,"{'C': 15, 'O': 2, 'P': 1, 'H': 33}","{'C': 15, 'O': 2, 'P': 1, 'H': 33}","{'C': 15, 'O': 2, 'P': 1, 'H': 33}",33 vs 33 vs 33,True
302,DrugBank_2186,"{'C': 21, 'O': 2, 'F': 1, 'P': 1, 'H': 36}","{'C': 21, 'O': 2, 'F': 1, 'P': 1, 'H': 36}","{'C': 21, 'O': 2, 'F': 1, 'P': 1, 'H': 36}",36 vs 36 vs 36,True
303,DrugBank_4865,--,--,--,--,--
304,DrugBank_2208,"{'C': 4, 'N': 3, 'O': 2, 'H': 11}","{'C': 4, 'N': 3, 'O': 2, 'H': 11}","{'C': 4, 'N': 3, 'O': 2, 'H': 11}",11 vs 11 vs 11,True
305,DrugBank_2210,"{'C': 9, 'N': 1, 'O': 9, 'S': 1, 'H': 18}","{'C': 9, 'N': 1, 'O': 9, 'S': 1, 'H': 21}","{'C': 9, 'N': 1, 'O': 9, 'S': 1, 'H': 18}",18 vs 21 vs 18,False
306,DrugBank_4885,"{'C': 18, 'N': 3, 'O': 1, 'H': 17}","{'C': 18, 'N': 3, 'O': 1, 'H': 17}","{'C': 18, 'N': 3, 'O': 1, 'H': 17}",17 vs 17 vs 17,True
307,DrugBank_2228,"{'C': 15, 'N': 7, 'O': 7, 'S': 1, 'H': 21}","{'C': 15, 'N': 7, 'O': 7, 'S': 1, 'H': 21}","{'C': 15, 'N': 7, 'O': 7, 'S': 1, 'H': 21}",21 vs 21 vs 21,True
308,DrugBank_4895,"{'C': 16, 'N': 1, 'O': 5, 'S': 2, 'H': 21}","{'C': 16, 'N': 1, 'O': 5, 'S': 2, 'H': 21}","{'C': 16, 'N': 1, 'O': 5, 'S': 2, 'H': 21}",21 vs 21 vs 21,True
309,DrugBank_2237,"{'C': 16, 'N': 2, 'O': 5, 'S': 1, 'H': 10}","{'C': 16, 'N': 2, 'O': 5, 'S': 1, 'H': 10}","{'C': 16, 'N': 2, 'O': 5, 'S': 1, 'H': 10}",10 vs 10 vs 10,True
310,DrugBank_2238,"{'C': 5, 'N': 1, 'S': 2, 'H': 11}","{'C': 5, 'N': 1, 'S': 2, 'H': 11}","{'C': 5, 'N': 1, 'S': 2, 'H': 11}",11 vs 11 vs 11,True
311,DrugBank_2276,"{'C': 17, 'N': 5, 'H': 33}","{'C': 17, 'N': 5, 'H': 33}","{'C': 17, 'N': 5, 'H': 33}",33 vs 33 vs 33,True
312,DrugBank_4929,"{'C': 19, 'N': 1, 'O': 7, 'S': 1, 'H': 21}","{'C': 19, 'N': 1, 'O': 7, 'S': 1, 'H': 21}","{'C': 19, 'N': 1, 'O': 7, 'S': 1, 'H': 21}",21 vs 21 vs 21,True
313,DrugBank_4933,"{'C': 20, 'N': 4, 'O': 4, 'F': 2, 'S': 1, 'H': 28}","{'C': 20, 'N': 4, 'O': 4, 'F': 2, 'S': 1, 'H': 28}","{'C': 20, 'N': 4, 'O': 4, 'F': 2, 'S': 1, 'H': 28}",28 vs 28 vs 28,True
314,DrugBank_2309,"{'C': 16, 'N': 3, 'O': 14, 'S': 2, 'H': 30}","{'C': 16, 'N': 3, 'O': 14, 'S': 2, 'H': 30}","{'C': 16, 'N': 3, 'O': 14, 'S': 2, 'H': 30}",30 vs 30 vs 30,True
315,DrugBank_4959,"{'C': 24, 'N': 3, 'O': 4, 'S': 1, 'H': 33}","{'C': 24, 'N': 3, 'O': 4, 'S': 1, 'H': 33}","{'C': 24, 'N': 3, 'O': 4, 'S': 1, 'H': 33}",33 vs 33 vs 33,True
316,DrugBank_4964,"{'C': 19, 'N': 1, 'O': 7, 'S': 1, 'H': 17}","{'C': 19, 'N': 1, 'O': 7, 'S': 1, 'H': 17}","{'C': 19, 'N': 1, 'O': 7, 'S': 1, 'H': 17}",17 vs 17 vs 17,True
317,DrugBank_2331,"{'C': 12, 'O': 1, 'Br': 1, 'H': 25}","{'C': 12, 'O': 1, 'Br': 1, 'H': 25}","{'C': 12, 'O': 1, 'Br': 1, 'H': 25}",25 vs 25 vs 25,True
318,DrugBank_2345,"{'C': 29, 'N': 7, 'O': 11, 'S': 3, 'Cl': 1, 'H': 20}","{'C': 29, 'N': 7, 'O': 11, 'S': 3, 'Cl': 1, 'H': 20}","{'C': 29, 'N': 7, 'O': 11, 'S': 3, 'Cl': 1, 'H': 20}",20 vs 20 vs 20,True
319,DrugBank_2354,"{'C': 17, 'N': 1, 'O': 3, 'S': 1, 'H': 38}","{'C': 17, 'N': 1, 'O': 3, 'S': 1, 'H': 38}","{'C': 17, 'N': 1, 'O': 3, 'S': 1, 'H': 38}",38 vs 38 vs 38,True
320,DrugBank_2358,"{'C': 13, 'N': 3, 'O': 1, 'H': 13}","{'C': 13, 'N': 3, 'O': 1, 'H': 13}","{'C': 13, 'N': 3, 'O': 1, 'H': 13}",13 vs 13 vs 13,True
321,DrugBank_5005,"{'C': 19, 'N': 6, 'S': 1, 'Cl': 2, 'H': 12}","{'C': 19, 'N': 6, 'S': 1, 'Cl': 2, 'H': 12}","{'C': 19, 'N': 6, 'S': 1, 'Cl': 2, 'H': 12}",12 vs 12 vs 12,True
322,DrugBank_5008,"{'C': 21, 'N': 2, 'O': 9, 'S': 1, 'H': 32}","{'C': 21, 'N': 2, 'O': 9, 'S': 1, 'H': 32}","{'C': 21, 'N': 2, 'O': 9, 'S': 1, 'H': 32}",32 vs 32 vs 32,True
323,DrugBank_2393,"{'C': 13, 'N': 7, 'O': 7, 'S': 2, 'H': 19}","{'C': 13, 'N': 7, 'O': 7, 'S': 2, 'H': 19}","{'C': 13, 'N': 7, 'O': 7, 'S': 2, 'H': 19}",19 vs 19 vs 19,True
324,DrugBank_5034,"{'C': 9, 'N': 1, 'S': 2, 'H': 9}","{'C': 9, 'N': 1, 'S': 2, 'H': 9}","{'C': 9, 'N': 1, 'S': 2, 'H': 9}",9 vs 9 vs 9,True
325,DrugBank_2397,"{'C': 5, 'N': 2, 'O': 4, 'S': 2, 'H': 14}","{'C': 5, 'N': 2, 'O': 4, 'S': 2, 'H': 14}","{'C': 5, 'N': 2, 'O': 4, 'S': 2, 'H': 14}",14 vs 14 vs 14,True
326,DrugBank_5043,"{'C': 9, 'O': 3, 'P': 1, 'H': 12}","{'C': 9, 'O': 3, 'P': 1, 'H': 13}","{'C': 9, 'O': 3, 'P': 1, 'H': 12}",12 vs 13 vs 12,False
327,DrugBank_2429,"{'C': 22, 'N': 6, 'O': 5, 'S': 1, 'H': 32}","{'C': 22, 'N': 6, 'O': 5, 'S': 1, 'H': 32}","{'C': 22, 'N': 6, 'O': 5, 'S': 1, 'H': 32}",32 vs 32 vs 32,True
328,DrugBank_5067,"{'C': 21, 'N': 5, 'O': 5, 'S': 1, 'H': 21}","{'C': 21, 'N': 5, 'O': 5, 'S': 1, 'H': 21}","{'C': 21, 'N': 5, 'O': 5, 'S': 1, 'H': 21}",21 vs 21 vs 21,True
329,DrugBank_2440,"{'C': 3, 'N': 1, 'O': 7, 'S': 1, 'H': 5}","{'C': 3, 'N': 1, 'O': 7, 'S': 1, 'H': 5}","{'C': 3, 'N': 1, 'O': 7, 'S': 1, 'H': 5}",5 vs 5 vs 5,True
330,DrugBank_5076,"{'C': 23, 'N': 2, 'O': 6, 'P': 1, 'S': 1, 'H': 33}","{'C': 23, 'N': 2, 'O': 6, 'P': 1, 'S': 1, 'H': 33}","{'C': 23, 'N': 2, 'O': 6, 'P': 1, 'S': 1, 'H': 33}",33 vs 33 vs 33,True
331,DrugBank_2465,--,--,--,--,--
332,DrugBank_2467,--,--,--,--,--
333,DrugBank_2474,"{'C': 16, 'O': 3, 'S': 1, 'H': 34}","{'C': 16, 'O': 3, 'S': 1, 'H': 34}","{'C': 16, 'O': 3, 'S': 1, 'H': 34}",34 vs 34 vs 34,True
334,DrugBank_5115,"{'C': 10, 'N': 1, 'O': 3, 'S': 1, 'H': 9}","{'C': 10, 'N': 1, 'O': 3, 'S': 1, 'H': 9}","{'C': 10, 'N': 1, 'O': 3, 'S': 1, 'H': 9}",9 vs 9 vs 9,True
335,DrugBank_2506,"{'C': 4, 'O': 3, 'P': 1, 'H': 11}","{'C': 4, 'O': 3, 'P': 1, 'H': 11}","{'C': 4, 'O': 3, 'P': 1, 'H': 11}",11 vs 11 vs 11,True
336,DrugBank_2519,"{'C': 1, 'O': 2, 'P': 1, 'H': 4}","{'C': 1, 'O': 2, 'P': 1, 'H': 5}","{'C': 1, 'O': 2, 'P': 1, 'H': 4}",4 vs 5 vs 4,False
337,DrugBank_2530,"{'C': 6, 'O': 9, 'S': 1, 'H': 12}","{'C': 6, 'O': 9, 'S': 1, 'H': 12}","{'C': 6, 'O': 9, 'S': 1, 'H': 12}",12 vs 12 vs 12,True
338,DrugBank_5154,"{'C': 24, 'N': 4, 'O': 2, 'S': 1, 'Cl': 1, 'H': 29}","{'C': 24, 'N': 4, 'O': 2, 'S': 1, 'Cl': 1, 'H': 29}","{'C': 24, 'N': 4, 'O': 2, 'S': 1, 'Cl': 1, 'H': 29}",29 vs 29 vs 29,True
339,DrugBank_2538,"{'C': 1, 'O': 2, 'P': 1, 'H': 5}","{'C': 1, 'O': 2, 'P': 1, 'H': 5}","{'C': 1, 'O': 2, 'P': 1, 'H': 5}",5 vs 5 vs 5,True
340,DrugBank_5158,"{'C': 23, 'N': 5, 'O': 3, 'S': 1, 'H': 27}","{'C': 23, 'N': 5, 'O': 3, 'S': 1, 'H': 27}","{'C': 23, 'N': 5, 'O': 3, 'S': 1, 'H': 27}",27 vs 27 vs 27,True
341,DrugBank_2542,"{'C': 12, 'N': 2, 'O': 7, 'P': 1, 'H': 17}","{'C': 12, 'N': 2, 'O': 7, 'P': 1, 'H': 17}","{'C': 12, 'N': 2, 'O': 7, 'P': 1, 'H': 17}",17 vs 17 vs 17,True
342,DrugBank_2543,"{'C': 23, 'N': 2, 'O': 5, 'S': 1, 'H': 28}","{'C': 23, 'N': 2, 'O': 5, 'S': 1, 'H': 28}","{'C': 23, 'N': 2, 'O': 5, 'S': 1, 'H': 28}",28 vs 28 vs 28,True
343,DrugBank_5176,"{'C': 22, 'N': 2, 'O': 5, 'F': 1, 'S': 1, 'H': 23}","{'C': 22, 'N': 2, 'O': 5, 'F': 1, 'S': 1, 'H': 23}","{'C': 22, 'N': 2, 'O': 5, 'F': 1, 'S': 1, 'H': 23}",23 vs 23 vs 23,True
344,DrugBank_2563,"{'C': 8, 'O': 1, 'S': 1, 'H': 16}","{'C': 8, 'O': 1, 'S': 1, 'H': 16}","{'C': 8, 'O': 1, 'S': 1, 'H': 16}",16 vs 16 vs 16,True
345,DrugBank_2570,"{'C': 6, 'O': 12, 'S': 2, 'H': 12}","{'C': 6, 'O': 12, 'S': 2, 'H': 12}","{'C': 6, 'O': 12, 'S': 2, 'H': 12}",12 vs 12 vs 12,True
346,DrugBank_2573,"{'C': 24, 'N': 4, 'H': 20}","{'C': 24, 'N': 4, 'H': 20}","{'C': 24, 'N': 4, 'H': 20}",20 vs 20 vs 20,True
347,DrugBank_2584,"{'C': 9, 'N': 1, 'O': 10, 'S': 2, 'H': 15}","{'C': 9, 'N': 1, 'O': 10, 'S': 2, 'H': 15}","{'C': 9, 'N': 1, 'O': 10, 'S': 2, 'H': 15}",15 vs 15 vs 15,True
348,DrugBank_2585,"{'C': 6, 'O': 1, 'S': 2, 'H': 10}","{'C': 6, 'O': 1, 'S': 2, 'H': 10}","{'C': 6, 'O': 1, 'S': 2, 'H': 10}",10 vs 10 vs 10,True
349,DrugBank_2592,"{'C': 10, 'N': 5, 'O': 13, 'P': 2, 'S': 1, 'H': 15}","{'C': 10, 'N': 5, 'O': 13, 'P': 2, 'S': 1, 'H': 15}","{'C': 10, 'N': 5, 'O': 13, 'P': 2, 'S': 1, 'H': 15}",15 vs 15 vs 15,True
350,DrugBank_5213,"{'C': 21, 'N': 3, 'O': 4, 'S': 1, 'H': 21}","{'C': 21, 'N': 3, 'O': 4, 'S': 1, 'H': 21}","{'C': 21, 'N': 3, 'O': 4, 'S': 1, 'H': 21}",21 vs 21 vs 21,True
351,DrugBank_5215,"{'C': 17, 'N': 3, 'O': 5, 'S': 2, 'Cl': 1, 'H': 24}","{'C': 17, 'N': 3, 'O': 5, 'S': 2, 'Cl': 1, 'H': 24}","{'C': 17, 'N': 3, 'O': 5, 'S': 2, 'Cl': 1, 'H': 24}",24 vs 24 vs 24,True
352,DrugBank_2605,"{'C': 10, 'N': 6, 'O': 6, 'S': 1, 'H': 14}","{'C': 10, 'N': 6, 'O': 6, 'S': 1, 'H': 14}","{'C': 10, 'N': 6, 'O': 6, 'S': 1, 'H': 14}",14 vs 14 vs 14,True
353,DrugBank_2607,"{'C': 12, 'N': 2, 'O': 3, 'F': 2, 'H': 10}","{'C': 12, 'N': 2, 'O': 3, 'F': 2, 'H': 10}","{'C': 12, 'N': 2, 'O': 3, 'F': 2, 'H': 10}",10 vs 10 vs 10,True
354,DrugBank_5237,"{'C': 20, 'N': 6, 'O': 3, 'S': 1, 'H': 36}","{'C': 20, 'N': 6, 'O': 3, 'S': 1, 'H': 36}","{'C': 20, 'N': 6, 'O': 3, 'S': 1, 'H': 36}",36 vs 36 vs 36,True
355,DrugBank_5245,"{'C': 26, 'N': 3, 'O': 1, 'H': 23}","{'C': 26, 'N': 3, 'O': 1, 'H': 23}","{'C': 26, 'N': 3, 'O': 1, 'H': 23}",23 vs 23 vs 23,True
356,DrugBank_2642,{'S': 5},"{'S': 5, 'H': 2}",{'S': 5},None vs 2 vs None,False
357,DrugBank_2651,"{'C': 5, 'N': 4, 'O': 6, 'P': 1, 'S': 1, 'H': 15}","{'C': 5, 'N': 4, 'O': 6, 'P': 1, 'S': 1, 'H': 15}","{'C': 5, 'N': 4, 'O': 6, 'P': 1, 'S': 1, 'H': 15}",15 vs 15 vs 15,True
358,DrugBank_2662,"{'C': 31, 'N': 3, 'O': 9, 'H': 47}","{'C': 31, 'N': 3, 'O': 9, 'H': 47}","{'C': 31, 'N': 3, 'O': 9, 'H': 47}",47 vs 47 vs 47,True
359,DrugBank_2671,"{'C': 9, 'N': 2, 'O': 4, 'S': 4, 'H': 10}","{'C': 9, 'N': 2, 'O': 4, 'S': 4, 'H': 10}","{'C': 9, 'N': 2, 'O': 4, 'S': 4, 'H': 10}",10 vs 10 vs 10,True
360,DrugBank_2682,"{'C': 5, 'N': 3, 'O': 5, 'H': 7}","{'C': 5, 'N': 3, 'O': 5, 'H': 7}","{'C': 5, 'N': 3, 'O': 5, 'H': 7}",7 vs 7 vs 7,True
361,DrugBank_2684,"{'C': 39, 'O': 7, 'H': 50}","{'C': 39, 'O': 7, 'H': 50}","{'C': 39, 'O': 7, 'H': 50}",50 vs 50 vs 50,True
362,DrugBank_2686,"{'C': 10, 'N': 3, 'O': 9, 'S': 1, 'H': 17}","{'C': 10, 'N': 3, 'O': 9, 'S': 1, 'H': 17}","{'C': 10, 'N': 3, 'O': 9, 'S': 1, 'H': 17}",17 vs 17 vs 17,True
363,DrugBank_2687,"{'C': 13, 'N': 3, 'O': 7, 'S': 2, 'H': 21}","{'C': 13, 'N': 3, 'O': 7, 'S': 2, 'H': 21}","{'C': 13, 'N': 3, 'O': 7, 'S': 2, 'H': 21}",21 vs 21 vs 21,True
364,DrugBank_5285,"{'C': 8, 'N': 1, 'O': 2, 'F': 1, 'S': 1, 'H': 10}","{'C': 8, 'N': 1, 'O': 2, 'F': 1, 'S': 1, 'H': 10}","{'C': 8, 'N': 1, 'O': 2, 'F': 1, 'S': 1, 'H': 10}",10 vs 10 vs 10,True
365,DrugBank_5313,"{'C': 12, 'N': 1, 'O': 3, 'S': 1, 'H': 13}","{'C': 12, 'N': 1, 'O': 3, 'S': 1, 'H': 13}","{'C': 12, 'N': 1, 'O': 3, 'S': 1, 'H': 13}",13 vs 13 vs 13,True
366,DrugBank_2728,"{'C': 1, 'Br': 3, 'H': 1}","{'C': 1, 'Br': 3, 'H': 1}","{'C': 1, 'Br': 3, 'H': 1}",1 vs 1 vs 1,True
367,DrugBank_5319,"{'C': 17, 'N': 8, 'H': 16}","{'C': 17, 'N': 8, 'H': 16}","{'C': 17, 'N': 8, 'H': 16}",16 vs 16 vs 16,True
368,DrugBank_5323,"{'C': 7, 'O': 4, 'S': 1, 'H': 14}","{'C': 7, 'O': 4, 'S': 1, 'H': 14}","{'C': 7, 'O': 4, 'S': 1, 'H': 14}",14 vs 14 vs 14,True
369,DrugBank_5326,"{'C': 13, 'N': 5, 'O': 2, 'S': 2, 'H': 15}","{'C': 13, 'N': 5, 'O': 2, 'S': 2, 'H': 15}","{'C': 13, 'N': 5, 'O': 2, 'S': 2, 'H': 15}",15 vs 15 vs 15,True
370,DrugBank_5329,"{'C': 24, 'N': 2, 'P': 1, 'H': 21}","{'C': 24, 'N': 2, 'P': 1, 'H': 21}","{'C': 24, 'N': 2, 'P': 1, 'H': 21}",21 vs 21 vs 21,True
